ID_Cuenta,Fecha,Saldo_Inicial,Debitos,Creditos,Saldo_Final
1001,2020-01-31,0.0,0.0,0.0,0.0
1001,2020-02-29,0.0,0.0,0.0,0.0
1001,2020-03-31,0.0,0.0,0.0,0.0
1001,2020-04-30,0.0,0.0,0.0,0.0
1001,2020-05-31,0.0,0.0,0.0,0.0
1001,2020-06-30,0.0,0.0,0.0,0.0
1001,2020-07-31,0.0,0.0,0.0,0.0
1001,2020-08-31,0.0,0.0,0.0,0.0
1001,2020-09-30,0.0,0.0,0.0,0.0
1001,2020-10-31,0.0,0.0,0.0,0.0
1001,2020-11-30,0.0,0.0,0.0,0.0
1001,2020-12-31,0.0,0.0,0.0,0.0
1001,2021-01-31,0.0,0.0,0.0,0.0
1001,2021-02-28,0.0,0.0,0.0,0.0
1001,2021-03-31,0.0,0.0,0.0,0.0
1001,2021-04-30,0.0,0.0,0.0,0.0
1001,2021-05-31,0.0,0.0,0.0,0.0
1001,2021-06-30,0.0,0.0,0.0,0.0
1001,2021-07-31,0.0,0.0,0.0,0.0
1001,2021-08-31,0.0,0.0,0.0,0.0
1001,2021-09-30,0.0,0.0,0.0,0.0
1001,2021-10-31,0.0,0.0,0.0,0.0
1001,2021-11-30,0.0,0.0,0.0,0.0
1001,2021-12-31,0.0,0.0,0.0,0.0
1001,2022-01-31,0.0,0.0,0.0,0.0
1001,2022-02-28,0.0,0.0,0.0,0.0
1001,2022-03-31,0.0,0.0,0.0,0.0
1001,2022-04-30,0.0,0.0,0.0,0.0
1001,2022-05-31,0.0,0.0,0.0,0.0
1001,2022-06-30,0.0,0.0,0.0,0.0
1001,2022-07-31,0.0,0.0,0.0,0.0
1001,2022-08-31,0.0,0.0,0.0,0.0
1001,2022-09-30,0.0,0.0,0.0,0.0
1001,2022-10-31,0.0,0.0,0.0,0.0
1001,2022-11-30,0.0,0.0,0.0,0.0
1001,2022-12-31,0.0,0.0,0.0,0.0
1002,2020-01-31,0.0,744580.0,373006.88,371573.12
1002,2020-02-29,371573.12,233780.83,293908.93,311445.02
1002,2020-03-31,311445.02,241841.74,283902.31,269384.45
1002,2020-04-30,269384.45,291719.05,340964.8,220138.7
1002,2020-05-31,220138.7,724175.2,350646.25,593667.65
1002,2020-06-30,593667.65,159656.66,486681.23,266643.08
1002,2020-07-31,266643.08,251177.2,255397.99,262422.29
1002,2020-08-31,262422.29,182438.12,361280.55,83579.86
1002,2020-09-30,83579.86,317325.48,235720.66,165184.68
1002,2020-10-31,165184.68,351703.0,325397.78,191489.9
1002,2020-11-30,191489.9,447591.06,384294.06,254786.9
1002,2020-12-31,254786.9,658584.6,392708.6,520662.9
1002,2021-01-31,520662.9,798920.4,360624.98,958958.32
1002,2021-02-28,958958.32,346828.44,273712.88,1032073.88
1002,2021-03-31,1032073.88,205661.12,300553.16,937181.84
1002,2021-04-30,937181.84,159444.1,316627.07,779998.87
1002,2021-05-31,779998.87,831900.08,461120.69,1150778.26
1002,2021-06-30,1150778.26,209174.69,446524.51,913428.44
1002,2021-07-31,913428.44,271078.51,480014.73,704492.22
1002,2021-08-31,704492.22,1443863.02,544988.41,1603366.83
1002,2021-09-30,1603366.83,256382.39,242971.92,1616777.3
1002,2021-10-31,1616777.3,446541.78,428395.86,1634923.22
1002,2021-11-30,1634923.22,160471.92,378610.62,1416784.52
1002,2021-12-31,1416784.52,429566.74,445238.28,1401112.98
1002,2022-01-31,1401112.98,304769.25,258531.24,1447350.99
1002,2022-02-28,1447350.99,348232.99,330289.85,1465294.13
1002,2022-03-31,1465294.13,851794.11,485646.09,1831442.15
1002,2022-04-30,1831442.15,702709.23,455857.51,2078293.87
1002,2022-05-31,2078293.87,722300.34,437969.75,2362624.46
1002,2022-06-30,2362624.46,334133.17,374911.58,2321846.05
1002,2022-07-31,2321846.05,378981.01,385628.16,2315198.9
1002,2022-08-31,2315198.9,730743.97,470966.94,2574975.93
1002,2022-09-30,2574975.93,918129.37,270741.33,3222363.97
1002,2022-10-31,3222363.97,437670.05,224071.19,3435962.83
1002,2022-11-30,3435962.83,603234.26,513769.2,3525427.89
1002,2022-12-31,3525427.89,307122.94,316937.64,3515613.19
1003,2020-01-31,0.0,0.0,0.0,0.0
1003,2020-02-29,0.0,0.0,0.0,0.0
1003,2020-03-31,0.0,0.0,0.0,0.0
1003,2020-04-30,0.0,0.0,0.0,0.0
1003,2020-05-31,0.0,0.0,0.0,0.0
1003,2020-06-30,0.0,0.0,0.0,0.0
1003,2020-07-31,0.0,0.0,0.0,0.0
1003,2020-08-31,0.0,0.0,0.0,0.0
1003,2020-09-30,0.0,0.0,0.0,0.0
1003,2020-10-31,0.0,0.0,0.0,0.0
1003,2020-11-30,0.0,0.0,0.0,0.0
1003,2020-12-31,0.0,0.0,0.0,0.0
1003,2021-01-31,0.0,0.0,0.0,0.0
1003,2021-02-28,0.0,0.0,0.0,0.0
1003,2021-03-31,0.0,0.0,0.0,0.0
1003,2021-04-30,0.0,0.0,0.0,0.0
1003,2021-05-31,0.0,0.0,0.0,0.0
1003,2021-06-30,0.0,0.0,0.0,0.0
1003,2021-07-31,0.0,0.0,0.0,0.0
1003,2021-08-31,0.0,0.0,0.0,0.0
1003,2021-09-30,0.0,0.0,0.0,0.0
1003,2021-10-31,0.0,0.0,0.0,0.0
1003,2021-11-30,0.0,0.0,0.0,0.0
1003,2021-12-31,0.0,0.0,0.0,0.0
1003,2022-01-31,0.0,0.0,0.0,0.0
1003,2022-02-28,0.0,0.0,0.0,0.0
1003,2022-03-31,0.0,0.0,0.0,0.0
1003,2022-04-30,0.0,0.0,0.0,0.0
1003,2022-05-31,0.0,0.0,0.0,0.0
1003,2022-06-30,0.0,0.0,0.0,0.0
1003,2022-07-31,0.0,0.0,0.0,0.0
1003,2022-08-31,0.0,0.0,0.0,0.0
1003,2022-09-30,0.0,0.0,0.0,0.0
1003,2022-10-31,0.0,0.0,0.0,0.0
1003,2022-11-30,0.0,0.0,0.0,0.0
1003,2022-12-31,0.0,0.0,0.0,0.0
1004,2020-01-31,0.0,747479.32,716419.27,31060.05
1004,2020-02-29,31060.05,279907.02,185649.45,125317.62
1004,2020-03-31,125317.62,182764.09,241841.74,66239.97
1004,2020-04-30,66239.97,829294.34,291719.05,603815.26
1004,2020-05-31,603815.26,132588.06,702023.85,34379.47
1004,2020-06-30,34379.47,143192.71,159656.66,17915.52
1004,2020-07-31,17915.52,248057.48,216688.91,49284.09
1004,2020-08-31,49284.09,370350.95,182438.12,237196.92
1004,2020-09-30,237196.92,179784.23,275525.14,141456.01
1004,2020-10-31,141456.01,152977.03,274920.43,19512.61
1004,2020-11-30,19512.61,459134.86,355804.8,122842.67
1004,2020-12-31,122842.67,736891.38,582300.2,277433.85
1004,2021-01-31,277433.85,454236.41,630777.49,100892.77
1004,2021-02-28,100892.77,227689.8,315323.52,13259.05
1004,2021-03-31,13259.05,177331.25,169708.36,20881.94
1004,2021-04-30,20881.94,184016.41,85394.98,119503.37
1004,2021-05-31,119503.37,719294.44,802388.68,36409.13
1004,2021-06-30,36409.13,189608.23,180700.66,45316.7
1004,2021-07-31,45316.7,642470.56,267639.24,420148.02
1004,2021-08-31,420148.02,957798.94,1377946.96,0.0
1004,2021-09-30,0.0,259132.58,209975.95,49156.63
1004,2021-10-31,49156.63,353180.76,395514.22,6823.17
1004,2021-11-30,6823.17,368453.21,114664.28,260612.1
1004,2021-12-31,260612.1,181005.64,429566.74,12051.0
1004,2022-01-31,12051.0,214633.78,226574.08,110.7
1004,2022-02-28,110.7,381655.4,348232.99,33533.11
1004,2022-03-31,33533.11,843794.79,766254.01,111073.89
1004,2022-04-30,111073.89,618353.63,674535.68,54891.84
1004,2022-05-31,54891.84,667839.47,664742.08,57989.23
1004,2022-06-30,57989.23,235099.27,243233.18,49855.32
1004,2022-07-31,49855.32,360293.49,362656.7,47492.11
1004,2022-08-31,47492.11,1188179.93,714398.05,521273.99
1004,2022-09-30,521273.99,292640.39,812772.8,1141.58
1004,2022-10-31,1141.58,391775.96,392283.39,634.15
1004,2022-11-30,634.15,613990.22,552815.91,61808.46
1004,2022-12-31,61808.46,584081.97,307122.94,338767.49
1005,2020-01-31,0.0,166431.29,118200.19,48231.1
1005,2020-02-29,48231.1,190779.7,43475.82,195534.98
1005,2020-03-31,195534.98,208272.99,29650.11,374157.86
1005,2020-04-30,374157.86,105959.25,132993.22,347123.89
1005,2020-05-31,347123.89,337354.13,19764.67,664713.35
1005,2020-06-30,664713.35,259199.3,21756.75,902155.9
1005,2020-07-31,902155.9,82900.81,41145.69,943911.02
1005,2020-08-31,943911.02,248829.75,56684.19,1136056.58
1005,2020-09-30,1136056.58,117013.81,26695.68,1226374.71
1005,2020-10-31,1226374.71,196203.47,24712.31,1397865.87
1005,2020-11-30,1397865.87,182962.94,74371.5,1506457.31
1005,2020-12-31,1506457.31,114192.22,113472.62,1507176.91
1005,2021-01-31,1507176.91,218998.66,70820.73,1655354.84
1005,2021-02-28,1655354.84,119247.22,36756.67,1737845.39
1005,2021-03-31,1737845.39,178469.15,27399.41,1888915.13
1005,2021-04-30,1888915.13,254209.59,28863.55,2114261.17
1005,2021-05-31,2114261.17,177181.71,114792.93,2176649.95
1005,2021-06-30,2176649.95,267507.06,28438.98,2415718.03
1005,2021-07-31,2415718.03,151342.19,100494.41,2466565.81
1005,2021-08-31,2466565.81,265061.3,152272.36,2579354.75
1005,2021-09-30,2579354.75,210746.39,38963.2,2751137.94
1005,2021-10-31,2751137.94,232385.59,53040.74,2930482.79
1005,2021-11-30,2930482.79,250652.49,57596.35,3123538.93
1005,2021-12-31,3123538.93,171370.9,28103.88,3266805.95
1005,2022-01-31,3266805.95,221529.28,33088.37,3455246.86
1005,2022-02-28,3455246.86,27355.47,59045.63,3423556.7
1005,2022-03-31,3423556.7,272435.73,129022.6,3566969.83
1005,2022-04-30,3566969.83,146433.82,96669.53,3616734.12
1005,2022-05-31,3616734.12,211084.38,109442.2,3718376.3
1005,2022-06-30,3718376.3,164679.26,36652.0,3846403.56
1005,2022-07-31,3846403.56,174471.17,57743.3,3963131.43
1005,2022-08-31,3963131.43,146621.26,189242.25,3920510.44
1005,2022-09-30,3920510.44,188879.15,44144.92,4065244.67
1005,2022-10-31,4065244.67,175756.69,62138.32,4178863.04
1005,2022-11-30,4178863.04,158652.65,96773.77,4240741.92
1005,2022-12-31,4240741.92,123043.32,91402.35,4272382.89
1006,2020-01-31,0.0,31701.18,0.0,31701.18
1006,2020-02-29,31701.18,36338.97,0.0,68040.15
1006,2020-03-31,68040.15,39671.05,0.0,107711.2
1006,2020-04-30,107711.2,20182.71,0.0,127893.91
1006,2020-05-31,127893.91,64257.96,0.0,192151.87
1006,2020-06-30,192151.87,49371.29,0.0,241523.16
1006,2020-07-31,241523.16,15790.63,0.0,257313.79
1006,2020-08-31,257313.79,47396.12,0.0,304709.91
1006,2020-09-30,304709.91,22288.36,0.0,326998.27
1006,2020-10-31,326998.27,37372.1,0.0,364370.37
1006,2020-11-30,364370.37,34850.08,0.0,399220.45
1006,2020-12-31,399220.45,21750.91,0.0,420971.36
1006,2021-01-31,420971.36,41714.03,0.0,462685.39
1006,2021-02-28,462685.39,22713.75,0.0,485399.14
1006,2021-03-31,485399.14,33994.13,0.0,519393.27
1006,2021-04-30,519393.27,48420.88,0.0,567814.15
1006,2021-05-31,567814.15,33748.88,0.0,601563.03
1006,2021-06-30,601563.03,50953.72,0.0,652516.75
1006,2021-07-31,652516.75,28827.08,0.0,681343.83
1006,2021-08-31,681343.83,50487.85,0.0,731831.68
1006,2021-09-30,731831.68,40142.16,0.0,771973.84
1006,2021-10-31,771973.84,44263.91,0.0,816237.75
1006,2021-11-30,816237.75,47743.34,0.0,863981.09
1006,2021-12-31,863981.09,32642.06,0.0,896623.15
1006,2022-01-31,896623.15,42196.05,0.0,938819.2
1006,2022-02-28,938819.2,5210.56,0.0,944029.76
1006,2022-03-31,944029.76,51892.51,0.0,995922.27
1006,2022-04-30,995922.27,27892.15,0.0,1023814.42
1006,2022-05-31,1023814.42,40206.53,0.0,1064020.95
1006,2022-06-30,1064020.95,31367.48,0.0,1095388.43
1006,2022-07-31,1095388.43,33232.58,0.0,1128621.01
1006,2022-08-31,1128621.01,27927.85,0.0,1156548.86
1006,2022-09-30,1156548.86,35976.99,0.0,1192525.85
1006,2022-10-31,1192525.85,33477.45,0.0,1226003.3
1006,2022-11-30,1226003.3,30219.55,0.0,1256222.85
1006,2022-12-31,1256222.85,23436.82,0.0,1279659.67
1007,2020-01-31,0.0,0.0,0.0,0.0
1007,2020-02-29,0.0,0.0,0.0,0.0
1007,2020-03-31,0.0,0.0,0.0,0.0
1007,2020-04-30,0.0,0.0,0.0,0.0
1007,2020-05-31,0.0,0.0,0.0,0.0
1007,2020-06-30,0.0,0.0,0.0,0.0
1007,2020-07-31,0.0,0.0,0.0,0.0
1007,2020-08-31,0.0,0.0,0.0,0.0
1007,2020-09-30,0.0,0.0,0.0,0.0
1007,2020-10-31,0.0,0.0,0.0,0.0
1007,2020-11-30,0.0,0.0,0.0,0.0
1007,2020-12-31,0.0,0.0,0.0,0.0
1007,2021-01-31,0.0,0.0,0.0,0.0
1007,2021-02-28,0.0,0.0,0.0,0.0
1007,2021-03-31,0.0,0.0,0.0,0.0
1007,2021-04-30,0.0,0.0,0.0,0.0
1007,2021-05-31,0.0,0.0,0.0,0.0
1007,2021-06-30,0.0,0.0,0.0,0.0
1007,2021-07-31,0.0,0.0,0.0,0.0
1007,2021-08-31,0.0,0.0,0.0,0.0
1007,2021-09-30,0.0,0.0,0.0,0.0
1007,2021-10-31,0.0,0.0,0.0,0.0
1007,2021-11-30,0.0,0.0,0.0,0.0
1007,2021-12-31,0.0,0.0,0.0,0.0
1007,2022-01-31,0.0,0.0,0.0,0.0
1007,2022-02-28,0.0,0.0,0.0,0.0
1007,2022-03-31,0.0,0.0,0.0,0.0
1007,2022-04-30,0.0,0.0,0.0,0.0
1007,2022-05-31,0.0,0.0,0.0,0.0
1007,2022-06-30,0.0,0.0,0.0,0.0
1007,2022-07-31,0.0,0.0,0.0,0.0
1007,2022-08-31,0.0,0.0,0.0,0.0
1007,2022-09-30,0.0,0.0,0.0,0.0
1007,2022-10-31,0.0,0.0,0.0,0.0
1007,2022-11-30,0.0,0.0,0.0,0.0
1007,2022-12-31,0.0,0.0,0.0,0.0
1101,2020-01-31,0.0,0.0,0.0,0.0
1101,2020-02-29,0.0,0.0,0.0,0.0
1101,2020-03-31,0.0,0.0,0.0,0.0
1101,2020-04-30,0.0,0.0,0.0,0.0
1101,2020-05-31,0.0,0.0,0.0,0.0
1101,2020-06-30,0.0,0.0,0.0,0.0
1101,2020-07-31,0.0,0.0,0.0,0.0
1101,2020-08-31,0.0,0.0,0.0,0.0
1101,2020-09-30,0.0,0.0,0.0,0.0
1101,2020-10-31,0.0,0.0,0.0,0.0
1101,2020-11-30,0.0,0.0,0.0,0.0
1101,2020-12-31,0.0,0.0,0.0,0.0
1101,2021-01-31,0.0,0.0,0.0,0.0
1101,2021-02-28,0.0,0.0,0.0,0.0
1101,2021-03-31,0.0,0.0,0.0,0.0
1101,2021-04-30,0.0,0.0,0.0,0.0
1101,2021-05-31,0.0,0.0,0.0,0.0
1101,2021-06-30,0.0,0.0,0.0,0.0
1101,2021-07-31,0.0,0.0,0.0,0.0
1101,2021-08-31,0.0,0.0,0.0,0.0
1101,2021-09-30,0.0,0.0,0.0,0.0
1101,2021-10-31,0.0,0.0,0.0,0.0
1101,2021-11-30,0.0,0.0,0.0,0.0
1101,2021-12-31,0.0,0.0,0.0,0.0
1101,2022-01-31,0.0,0.0,0.0,0.0
1101,2022-02-28,0.0,0.0,0.0,0.0
1101,2022-03-31,0.0,0.0,0.0,0.0
1101,2022-04-30,0.0,0.0,0.0,0.0
1101,2022-05-31,0.0,0.0,0.0,0.0
1101,2022-06-30,0.0,0.0,0.0,0.0
1101,2022-07-31,0.0,0.0,0.0,0.0
1101,2022-08-31,0.0,0.0,0.0,0.0
1101,2022-09-30,0.0,0.0,0.0,0.0
1101,2022-10-31,0.0,0.0,0.0,0.0
1101,2022-11-30,0.0,0.0,0.0,0.0
1101,2022-12-31,0.0,0.0,0.0,0.0
1102,2020-01-31,0.0,0.0,0.0,0.0
1102,2020-02-29,0.0,0.0,0.0,0.0
1102,2020-03-31,0.0,0.0,0.0,0.0
1102,2020-04-30,0.0,0.0,0.0,0.0
1102,2020-05-31,0.0,0.0,0.0,0.0
1102,2020-06-30,0.0,0.0,0.0,0.0
1102,2020-07-31,0.0,0.0,0.0,0.0
1102,2020-08-31,0.0,0.0,0.0,0.0
1102,2020-09-30,0.0,0.0,0.0,0.0
1102,2020-10-31,0.0,0.0,0.0,0.0
1102,2020-11-30,0.0,0.0,0.0,0.0
1102,2020-12-31,0.0,0.0,0.0,0.0
1102,2021-01-31,0.0,0.0,0.0,0.0
1102,2021-02-28,0.0,0.0,0.0,0.0
1102,2021-03-31,0.0,0.0,0.0,0.0
1102,2021-04-30,0.0,0.0,0.0,0.0
1102,2021-05-31,0.0,0.0,0.0,0.0
1102,2021-06-30,0.0,0.0,0.0,0.0
1102,2021-07-31,0.0,0.0,0.0,0.0
1102,2021-08-31,0.0,0.0,0.0,0.0
1102,2021-09-30,0.0,0.0,0.0,0.0
1102,2021-10-31,0.0,0.0,0.0,0.0
1102,2021-11-30,0.0,0.0,0.0,0.0
1102,2021-12-31,0.0,0.0,0.0,0.0
1102,2022-01-31,0.0,0.0,0.0,0.0
1102,2022-02-28,0.0,0.0,0.0,0.0
1102,2022-03-31,0.0,0.0,0.0,0.0
1102,2022-04-30,0.0,0.0,0.0,0.0
1102,2022-05-31,0.0,0.0,0.0,0.0
1102,2022-06-30,0.0,0.0,0.0,0.0
1102,2022-07-31,0.0,0.0,0.0,0.0
1102,2022-08-31,0.0,0.0,0.0,0.0
1102,2022-09-30,0.0,0.0,0.0,0.0
1102,2022-10-31,0.0,0.0,0.0,0.0
1102,2022-11-30,0.0,0.0,0.0,0.0
1102,2022-12-31,0.0,0.0,0.0,0.0
1103,2020-01-31,0.0,0.0,0.0,0.0
1103,2020-02-29,0.0,0.0,0.0,0.0
1103,2020-03-31,0.0,0.0,0.0,0.0
1103,2020-04-30,0.0,0.0,0.0,0.0
1103,2020-05-31,0.0,0.0,0.0,0.0
1103,2020-06-30,0.0,0.0,0.0,0.0
1103,2020-07-31,0.0,0.0,0.0,0.0
1103,2020-08-31,0.0,0.0,0.0,0.0
1103,2020-09-30,0.0,0.0,0.0,0.0
1103,2020-10-31,0.0,0.0,0.0,0.0
1103,2020-11-30,0.0,0.0,0.0,0.0
1103,2020-12-31,0.0,0.0,0.0,0.0
1103,2021-01-31,0.0,0.0,0.0,0.0
1103,2021-02-28,0.0,0.0,0.0,0.0
1103,2021-03-31,0.0,0.0,0.0,0.0
1103,2021-04-30,0.0,0.0,0.0,0.0
1103,2021-05-31,0.0,0.0,0.0,0.0
1103,2021-06-30,0.0,0.0,0.0,0.0
1103,2021-07-31,0.0,0.0,0.0,0.0
1103,2021-08-31,0.0,0.0,0.0,0.0
1103,2021-09-30,0.0,0.0,0.0,0.0
1103,2021-10-31,0.0,0.0,0.0,0.0
1103,2021-11-30,0.0,0.0,0.0,0.0
1103,2021-12-31,0.0,0.0,0.0,0.0
1103,2022-01-31,0.0,0.0,0.0,0.0
1103,2022-02-28,0.0,0.0,0.0,0.0
1103,2022-03-31,0.0,0.0,0.0,0.0
1103,2022-04-30,0.0,0.0,0.0,0.0
1103,2022-05-31,0.0,0.0,0.0,0.0
1103,2022-06-30,0.0,0.0,0.0,0.0
1103,2022-07-31,0.0,0.0,0.0,0.0
1103,2022-08-31,0.0,0.0,0.0,0.0
1103,2022-09-30,0.0,0.0,0.0,0.0
1103,2022-10-31,0.0,0.0,0.0,0.0
1103,2022-11-30,0.0,0.0,0.0,0.0
1103,2022-12-31,0.0,0.0,0.0,0.0
1104,2020-01-31,0.0,0.0,0.0,0.0
1104,2020-02-29,0.0,0.0,0.0,0.0
1104,2020-03-31,0.0,0.0,0.0,0.0
1104,2020-04-30,0.0,0.0,0.0,0.0
1104,2020-05-31,0.0,0.0,0.0,0.0
1104,2020-06-30,0.0,0.0,0.0,0.0
1104,2020-07-31,0.0,0.0,0.0,0.0
1104,2020-08-31,0.0,0.0,0.0,0.0
1104,2020-09-30,0.0,0.0,0.0,0.0
1104,2020-10-31,0.0,0.0,0.0,0.0
1104,2020-11-30,0.0,0.0,0.0,0.0
1104,2020-12-31,0.0,0.0,0.0,0.0
1104,2021-01-31,0.0,0.0,0.0,0.0
1104,2021-02-28,0.0,0.0,0.0,0.0
1104,2021-03-31,0.0,0.0,0.0,0.0
1104,2021-04-30,0.0,0.0,0.0,0.0
1104,2021-05-31,0.0,0.0,0.0,0.0
1104,2021-06-30,0.0,0.0,0.0,0.0
1104,2021-07-31,0.0,0.0,0.0,0.0
1104,2021-08-31,0.0,0.0,0.0,0.0
1104,2021-09-30,0.0,0.0,0.0,0.0
1104,2021-10-31,0.0,0.0,0.0,0.0
1104,2021-11-30,0.0,0.0,0.0,0.0
1104,2021-12-31,0.0,0.0,0.0,0.0
1104,2022-01-31,0.0,0.0,0.0,0.0
1104,2022-02-28,0.0,0.0,0.0,0.0
1104,2022-03-31,0.0,0.0,0.0,0.0
1104,2022-04-30,0.0,0.0,0.0,0.0
1104,2022-05-31,0.0,0.0,0.0,0.0
1104,2022-06-30,0.0,0.0,0.0,0.0
1104,2022-07-31,0.0,0.0,0.0,0.0
1104,2022-08-31,0.0,0.0,0.0,0.0
1104,2022-09-30,0.0,0.0,0.0,0.0
1104,2022-10-31,0.0,0.0,0.0,0.0
1104,2022-11-30,0.0,0.0,0.0,0.0
1104,2022-12-31,0.0,0.0,0.0,0.0
1105,2020-01-31,0.0,0.0,0.0,0.0
1105,2020-02-29,0.0,0.0,0.0,0.0
1105,2020-03-31,0.0,0.0,0.0,0.0
1105,2020-04-30,0.0,0.0,0.0,0.0
1105,2020-05-31,0.0,0.0,0.0,0.0
1105,2020-06-30,0.0,0.0,0.0,0.0
1105,2020-07-31,0.0,0.0,0.0,0.0
1105,2020-08-31,0.0,0.0,0.0,0.0
1105,2020-09-30,0.0,0.0,0.0,0.0
1105,2020-10-31,0.0,0.0,0.0,0.0
1105,2020-11-30,0.0,0.0,0.0,0.0
1105,2020-12-31,0.0,0.0,0.0,0.0
1105,2021-01-31,0.0,0.0,0.0,0.0
1105,2021-02-28,0.0,0.0,0.0,0.0
1105,2021-03-31,0.0,0.0,0.0,0.0
1105,2021-04-30,0.0,0.0,0.0,0.0
1105,2021-05-31,0.0,0.0,0.0,0.0
1105,2021-06-30,0.0,0.0,0.0,0.0
1105,2021-07-31,0.0,0.0,0.0,0.0
1105,2021-08-31,0.0,0.0,0.0,0.0
1105,2021-09-30,0.0,0.0,0.0,0.0
1105,2021-10-31,0.0,0.0,0.0,0.0
1105,2021-11-30,0.0,0.0,0.0,0.0
1105,2021-12-31,0.0,0.0,0.0,0.0
1105,2022-01-31,0.0,0.0,0.0,0.0
1105,2022-02-28,0.0,0.0,0.0,0.0
1105,2022-03-31,0.0,0.0,0.0,0.0
1105,2022-04-30,0.0,0.0,0.0,0.0
1105,2022-05-31,0.0,0.0,0.0,0.0
1105,2022-06-30,0.0,0.0,0.0,0.0
1105,2022-07-31,0.0,0.0,0.0,0.0
1105,2022-08-31,0.0,0.0,0.0,0.0
1105,2022-09-30,0.0,0.0,0.0,0.0
1105,2022-10-31,0.0,0.0,0.0,0.0
1105,2022-11-30,0.0,0.0,0.0,0.0
1105,2022-12-31,0.0,0.0,0.0,0.0
1106,2020-01-31,0.0,0.0,0.0,0.0
1106,2020-02-29,0.0,0.0,0.0,0.0
1106,2020-03-31,0.0,0.0,0.0,0.0
1106,2020-04-30,0.0,0.0,0.0,0.0
1106,2020-05-31,0.0,0.0,0.0,0.0
1106,2020-06-30,0.0,0.0,0.0,0.0
1106,2020-07-31,0.0,0.0,0.0,0.0
1106,2020-08-31,0.0,0.0,0.0,0.0
1106,2020-09-30,0.0,0.0,0.0,0.0
1106,2020-10-31,0.0,0.0,0.0,0.0
1106,2020-11-30,0.0,0.0,0.0,0.0
1106,2020-12-31,0.0,0.0,0.0,0.0
1106,2021-01-31,0.0,0.0,0.0,0.0
1106,2021-02-28,0.0,0.0,0.0,0.0
1106,2021-03-31,0.0,0.0,0.0,0.0
1106,2021-04-30,0.0,0.0,0.0,0.0
1106,2021-05-31,0.0,0.0,0.0,0.0
1106,2021-06-30,0.0,0.0,0.0,0.0
1106,2021-07-31,0.0,0.0,0.0,0.0
1106,2021-08-31,0.0,0.0,0.0,0.0
1106,2021-09-30,0.0,0.0,0.0,0.0
1106,2021-10-31,0.0,0.0,0.0,0.0
1106,2021-11-30,0.0,0.0,0.0,0.0
1106,2021-12-31,0.0,0.0,0.0,0.0
1106,2022-01-31,0.0,0.0,0.0,0.0
1106,2022-02-28,0.0,0.0,0.0,0.0
1106,2022-03-31,0.0,0.0,0.0,0.0
1106,2022-04-30,0.0,0.0,0.0,0.0
1106,2022-05-31,0.0,0.0,0.0,0.0
1106,2022-06-30,0.0,0.0,0.0,0.0
1106,2022-07-31,0.0,0.0,0.0,0.0
1106,2022-08-31,0.0,0.0,0.0,0.0
1106,2022-09-30,0.0,0.0,0.0,0.0
1106,2022-10-31,0.0,0.0,0.0,0.0
1106,2022-11-30,0.0,0.0,0.0,0.0
1106,2022-12-31,0.0,0.0,0.0,0.0
1107,2020-01-31,0.0,0.0,0.0,0.0
1107,2020-02-29,0.0,0.0,0.0,0.0
1107,2020-03-31,0.0,0.0,0.0,0.0
1107,2020-04-30,0.0,0.0,0.0,0.0
1107,2020-05-31,0.0,0.0,0.0,0.0
1107,2020-06-30,0.0,0.0,0.0,0.0
1107,2020-07-31,0.0,0.0,0.0,0.0
1107,2020-08-31,0.0,0.0,0.0,0.0
1107,2020-09-30,0.0,0.0,0.0,0.0
1107,2020-10-31,0.0,0.0,0.0,0.0
1107,2020-11-30,0.0,0.0,0.0,0.0
1107,2020-12-31,0.0,0.0,0.0,0.0
1107,2021-01-31,0.0,0.0,0.0,0.0
1107,2021-02-28,0.0,0.0,0.0,0.0
1107,2021-03-31,0.0,0.0,0.0,0.0
1107,2021-04-30,0.0,0.0,0.0,0.0
1107,2021-05-31,0.0,0.0,0.0,0.0
1107,2021-06-30,0.0,0.0,0.0,0.0
1107,2021-07-31,0.0,0.0,0.0,0.0
1107,2021-08-31,0.0,0.0,0.0,0.0
1107,2021-09-30,0.0,0.0,0.0,0.0
1107,2021-10-31,0.0,0.0,0.0,0.0
1107,2021-11-30,0.0,0.0,0.0,0.0
1107,2021-12-31,0.0,0.0,0.0,0.0
1107,2022-01-31,0.0,0.0,0.0,0.0
1107,2022-02-28,0.0,0.0,0.0,0.0
1107,2022-03-31,0.0,0.0,0.0,0.0
1107,2022-04-30,0.0,0.0,0.0,0.0
1107,2022-05-31,0.0,0.0,0.0,0.0
1107,2022-06-30,0.0,0.0,0.0,0.0
1107,2022-07-31,0.0,0.0,0.0,0.0
1107,2022-08-31,0.0,0.0,0.0,0.0
1107,2022-09-30,0.0,0.0,0.0,0.0
1107,2022-10-31,0.0,0.0,0.0,0.0
1107,2022-11-30,0.0,0.0,0.0,0.0
1107,2022-12-31,0.0,0.0,0.0,0.0
1108,2020-01-31,0.0,0.0,0.0,0.0
1108,2020-02-29,0.0,0.0,0.0,0.0
1108,2020-03-31,0.0,0.0,0.0,0.0
1108,2020-04-30,0.0,0.0,0.0,0.0
1108,2020-05-31,0.0,0.0,0.0,0.0
1108,2020-06-30,0.0,0.0,0.0,0.0
1108,2020-07-31,0.0,0.0,0.0,0.0
1108,2020-08-31,0.0,0.0,0.0,0.0
1108,2020-09-30,0.0,0.0,0.0,0.0
1108,2020-10-31,0.0,0.0,0.0,0.0
1108,2020-11-30,0.0,0.0,0.0,0.0
1108,2020-12-31,0.0,0.0,0.0,0.0
1108,2021-01-31,0.0,0.0,0.0,0.0
1108,2021-02-28,0.0,0.0,0.0,0.0
1108,2021-03-31,0.0,0.0,0.0,0.0
1108,2021-04-30,0.0,0.0,0.0,0.0
1108,2021-05-31,0.0,0.0,0.0,0.0
1108,2021-06-30,0.0,0.0,0.0,0.0
1108,2021-07-31,0.0,0.0,0.0,0.0
1108,2021-08-31,0.0,0.0,0.0,0.0
1108,2021-09-30,0.0,0.0,0.0,0.0
1108,2021-10-31,0.0,0.0,0.0,0.0
1108,2021-11-30,0.0,0.0,0.0,0.0
1108,2021-12-31,0.0,0.0,0.0,0.0
1108,2022-01-31,0.0,0.0,0.0,0.0
1108,2022-02-28,0.0,0.0,0.0,0.0
1108,2022-03-31,0.0,0.0,0.0,0.0
1108,2022-04-30,0.0,0.0,0.0,0.0
1108,2022-05-31,0.0,0.0,0.0,0.0
1108,2022-06-30,0.0,0.0,0.0,0.0
1108,2022-07-31,0.0,0.0,0.0,0.0
1108,2022-08-31,0.0,0.0,0.0,0.0
1108,2022-09-30,0.0,0.0,0.0,0.0
1108,2022-10-31,0.0,0.0,0.0,0.0
1108,2022-11-30,0.0,0.0,0.0,0.0
1108,2022-12-31,0.0,0.0,0.0,0.0
1109,2020-01-31,0.0,0.0,0.0,0.0
1109,2020-02-29,0.0,0.0,0.0,0.0
1109,2020-03-31,0.0,0.0,0.0,0.0
1109,2020-04-30,0.0,0.0,0.0,0.0
1109,2020-05-31,0.0,0.0,0.0,0.0
1109,2020-06-30,0.0,0.0,0.0,0.0
1109,2020-07-31,0.0,0.0,0.0,0.0
1109,2020-08-31,0.0,0.0,0.0,0.0
1109,2020-09-30,0.0,0.0,0.0,0.0
1109,2020-10-31,0.0,0.0,0.0,0.0
1109,2020-11-30,0.0,0.0,0.0,0.0
1109,2020-12-31,0.0,0.0,0.0,0.0
1109,2021-01-31,0.0,0.0,0.0,0.0
1109,2021-02-28,0.0,0.0,0.0,0.0
1109,2021-03-31,0.0,0.0,0.0,0.0
1109,2021-04-30,0.0,0.0,0.0,0.0
1109,2021-05-31,0.0,0.0,0.0,0.0
1109,2021-06-30,0.0,0.0,0.0,0.0
1109,2021-07-31,0.0,0.0,0.0,0.0
1109,2021-08-31,0.0,0.0,0.0,0.0
1109,2021-09-30,0.0,0.0,0.0,0.0
1109,2021-10-31,0.0,0.0,0.0,0.0
1109,2021-11-30,0.0,0.0,0.0,0.0
1109,2021-12-31,0.0,0.0,0.0,0.0
1109,2022-01-31,0.0,0.0,0.0,0.0
1109,2022-02-28,0.0,0.0,0.0,0.0
1109,2022-03-31,0.0,0.0,0.0,0.0
1109,2022-04-30,0.0,0.0,0.0,0.0
1109,2022-05-31,0.0,0.0,0.0,0.0
1109,2022-06-30,0.0,0.0,0.0,0.0
1109,2022-07-31,0.0,0.0,0.0,0.0
1109,2022-08-31,0.0,0.0,0.0,0.0
1109,2022-09-30,0.0,0.0,0.0,0.0
1109,2022-10-31,0.0,0.0,0.0,0.0
1109,2022-11-30,0.0,0.0,0.0,0.0
1109,2022-12-31,0.0,0.0,0.0,0.0
1110,2020-01-31,0.0,0.0,0.0,0.0
1110,2020-02-29,0.0,0.0,0.0,0.0
1110,2020-03-31,0.0,0.0,0.0,0.0
1110,2020-04-30,0.0,0.0,0.0,0.0
1110,2020-05-31,0.0,0.0,0.0,0.0
1110,2020-06-30,0.0,0.0,0.0,0.0
1110,2020-07-31,0.0,0.0,0.0,0.0
1110,2020-08-31,0.0,0.0,0.0,0.0
1110,2020-09-30,0.0,0.0,0.0,0.0
1110,2020-10-31,0.0,0.0,0.0,0.0
1110,2020-11-30,0.0,0.0,0.0,0.0
1110,2020-12-31,0.0,0.0,0.0,0.0
1110,2021-01-31,0.0,0.0,0.0,0.0
1110,2021-02-28,0.0,0.0,0.0,0.0
1110,2021-03-31,0.0,0.0,0.0,0.0
1110,2021-04-30,0.0,0.0,0.0,0.0
1110,2021-05-31,0.0,0.0,0.0,0.0
1110,2021-06-30,0.0,0.0,0.0,0.0
1110,2021-07-31,0.0,0.0,0.0,0.0
1110,2021-08-31,0.0,0.0,0.0,0.0
1110,2021-09-30,0.0,0.0,0.0,0.0
1110,2021-10-31,0.0,0.0,0.0,0.0
1110,2021-11-30,0.0,0.0,0.0,0.0
1110,2021-12-31,0.0,0.0,0.0,0.0
1110,2022-01-31,0.0,0.0,0.0,0.0
1110,2022-02-28,0.0,0.0,0.0,0.0
1110,2022-03-31,0.0,0.0,0.0,0.0
1110,2022-04-30,0.0,0.0,0.0,0.0
1110,2022-05-31,0.0,0.0,0.0,0.0
1110,2022-06-30,0.0,0.0,0.0,0.0
1110,2022-07-31,0.0,0.0,0.0,0.0
1110,2022-08-31,0.0,0.0,0.0,0.0
1110,2022-09-30,0.0,0.0,0.0,0.0
1110,2022-10-31,0.0,0.0,0.0,0.0
1110,2022-11-30,0.0,0.0,0.0,0.0
1110,2022-12-31,0.0,0.0,0.0,0.0
1111,2020-01-31,0.0,0.0,0.0,0.0
1111,2020-02-29,0.0,0.0,0.0,0.0
1111,2020-03-31,0.0,0.0,0.0,0.0
1111,2020-04-30,0.0,0.0,0.0,0.0
1111,2020-05-31,0.0,0.0,0.0,0.0
1111,2020-06-30,0.0,0.0,0.0,0.0
1111,2020-07-31,0.0,0.0,0.0,0.0
1111,2020-08-31,0.0,0.0,0.0,0.0
1111,2020-09-30,0.0,0.0,0.0,0.0
1111,2020-10-31,0.0,0.0,0.0,0.0
1111,2020-11-30,0.0,0.0,0.0,0.0
1111,2020-12-31,0.0,0.0,0.0,0.0
1111,2021-01-31,0.0,0.0,0.0,0.0
1111,2021-02-28,0.0,0.0,0.0,0.0
1111,2021-03-31,0.0,0.0,0.0,0.0
1111,2021-04-30,0.0,0.0,0.0,0.0
1111,2021-05-31,0.0,0.0,0.0,0.0
1111,2021-06-30,0.0,0.0,0.0,0.0
1111,2021-07-31,0.0,0.0,0.0,0.0
1111,2021-08-31,0.0,0.0,0.0,0.0
1111,2021-09-30,0.0,0.0,0.0,0.0
1111,2021-10-31,0.0,0.0,0.0,0.0
1111,2021-11-30,0.0,0.0,0.0,0.0
1111,2021-12-31,0.0,0.0,0.0,0.0
1111,2022-01-31,0.0,0.0,0.0,0.0
1111,2022-02-28,0.0,0.0,0.0,0.0
1111,2022-03-31,0.0,0.0,0.0,0.0
1111,2022-04-30,0.0,0.0,0.0,0.0
1111,2022-05-31,0.0,0.0,0.0,0.0
1111,2022-06-30,0.0,0.0,0.0,0.0
1111,2022-07-31,0.0,0.0,0.0,0.0
1111,2022-08-31,0.0,0.0,0.0,0.0
1111,2022-09-30,0.0,0.0,0.0,0.0
1111,2022-10-31,0.0,0.0,0.0,0.0
1111,2022-11-30,0.0,0.0,0.0,0.0
1111,2022-12-31,0.0,0.0,0.0,0.0
2001,2020-01-31,0.0,150942.94,198132.47,47189.53
2001,2020-02-29,47189.53,223932.18,227118.67,50376.02
2001,2020-03-31,50376.02,222944.15,247944.04,75375.91
2001,2020-04-30,75375.91,91564.34,126141.96,109953.53
2001,2020-05-31,109953.53,305568.05,401612.09,205997.57
2001,2020-06-30,205997.57,450883.05,308570.59,63685.11
2001,2020-07-31,63685.11,162376.55,98691.44,0.0
2001,2020-08-31,0.0,234116.03,296225.87,62109.84
2001,2020-09-30,62109.84,110475.55,139302.17,90936.46
2001,2020-10-31,90936.46,243380.41,233575.57,81131.62
2001,2020-11-30,81131.62,228968.15,217813.02,69976.49
2001,2020-12-31,69976.49,158701.89,135943.13,47217.73
2001,2021-01-31,47217.73,192884.16,260712.69,115046.26
2001,2021-02-28,115046.26,158581.56,141960.97,98425.67
2001,2021-03-31,98425.67,209810.09,212463.28,101078.86
2001,2021-04-30,101078.86,249631.05,302630.47,154078.28
2001,2021-05-31,154078.28,249501.54,210930.59,115507.33
2001,2021-06-30,115507.33,340924.51,318460.78,93043.6
2001,2021-07-31,93043.6,257090.64,180169.27,16122.23
2001,2021-08-31,16122.23,263394.0,315549.15,68277.38
2001,2021-09-30,68277.38,164262.61,250888.55,154903.32
2001,2021-10-31,154903.32,326678.68,276649.5,104874.14
2001,2021-11-30,104874.14,209818.52,298395.83,193451.45
2001,2021-12-31,193451.45,336728.87,204012.96,60735.54
2001,2022-01-31,60735.54,111310.68,263725.33,213150.19
2001,2022-02-28,213150.19,219237.48,32566.03,26478.74
2001,2022-03-31,26478.74,208913.18,324328.24,141893.8
2001,2022-04-30,141893.8,248166.34,174325.97,68053.43
2001,2022-05-31,68053.43,230077.04,251290.91,89267.3
2001,2022-06-30,89267.3,242170.67,196046.74,43143.37
2001,2022-07-31,43143.37,228131.07,207703.75,22716.05
2001,2022-08-31,22716.05,173921.96,174549.11,23343.2
2001,2022-09-30,23343.2,183918.32,224856.14,64281.02
2001,2022-10-31,64281.02,105647.87,209234.14,167867.29
2001,2022-11-30,167867.29,326562.39,188872.2,30177.1
2001,2022-12-31,30177.1,67230.47,146480.14,109426.77
2002,2020-01-31,0.0,0.0,0.0,0.0
2002,2020-02-29,0.0,0.0,0.0,0.0
2002,2020-03-31,0.0,0.0,0.0,0.0
2002,2020-04-30,0.0,0.0,0.0,0.0
2002,2020-05-31,0.0,0.0,0.0,0.0
2002,2020-06-30,0.0,0.0,0.0,0.0
2002,2020-07-31,0.0,0.0,0.0,0.0
2002,2020-08-31,0.0,0.0,0.0,0.0
2002,2020-09-30,0.0,0.0,0.0,0.0
2002,2020-10-31,0.0,0.0,0.0,0.0
2002,2020-11-30,0.0,0.0,0.0,0.0
2002,2020-12-31,0.0,0.0,0.0,0.0
2002,2021-01-31,0.0,0.0,0.0,0.0
2002,2021-02-28,0.0,0.0,0.0,0.0
2002,2021-03-31,0.0,0.0,0.0,0.0
2002,2021-04-30,0.0,0.0,0.0,0.0
2002,2021-05-31,0.0,0.0,0.0,0.0
2002,2021-06-30,0.0,0.0,0.0,0.0
2002,2021-07-31,0.0,0.0,0.0,0.0
2002,2021-08-31,0.0,0.0,0.0,0.0
2002,2021-09-30,0.0,0.0,0.0,0.0
2002,2021-10-31,0.0,0.0,0.0,0.0
2002,2021-11-30,0.0,0.0,0.0,0.0
2002,2021-12-31,0.0,0.0,0.0,0.0
2002,2022-01-31,0.0,0.0,0.0,0.0
2002,2022-02-28,0.0,0.0,0.0,0.0
2002,2022-03-31,0.0,0.0,0.0,0.0
2002,2022-04-30,0.0,0.0,0.0,0.0
2002,2022-05-31,0.0,0.0,0.0,0.0
2002,2022-06-30,0.0,0.0,0.0,0.0
2002,2022-07-31,0.0,0.0,0.0,0.0
2002,2022-08-31,0.0,0.0,0.0,0.0
2002,2022-09-30,0.0,0.0,0.0,0.0
2002,2022-10-31,0.0,0.0,0.0,0.0
2002,2022-11-30,0.0,0.0,0.0,0.0
2002,2022-12-31,0.0,0.0,0.0,0.0
2003,2020-01-31,0.0,0.0,0.0,0.0
2003,2020-02-29,0.0,0.0,0.0,0.0
2003,2020-03-31,0.0,0.0,0.0,0.0
2003,2020-04-30,0.0,0.0,0.0,0.0
2003,2020-05-31,0.0,0.0,0.0,0.0
2003,2020-06-30,0.0,0.0,0.0,0.0
2003,2020-07-31,0.0,0.0,0.0,0.0
2003,2020-08-31,0.0,0.0,0.0,0.0
2003,2020-09-30,0.0,0.0,0.0,0.0
2003,2020-10-31,0.0,0.0,0.0,0.0
2003,2020-11-30,0.0,0.0,0.0,0.0
2003,2020-12-31,0.0,0.0,0.0,0.0
2003,2021-01-31,0.0,0.0,0.0,0.0
2003,2021-02-28,0.0,0.0,0.0,0.0
2003,2021-03-31,0.0,0.0,0.0,0.0
2003,2021-04-30,0.0,0.0,0.0,0.0
2003,2021-05-31,0.0,0.0,0.0,0.0
2003,2021-06-30,0.0,0.0,0.0,0.0
2003,2021-07-31,0.0,0.0,0.0,0.0
2003,2021-08-31,0.0,0.0,0.0,0.0
2003,2021-09-30,0.0,0.0,0.0,0.0
2003,2021-10-31,0.0,0.0,0.0,0.0
2003,2021-11-30,0.0,0.0,0.0,0.0
2003,2021-12-31,0.0,0.0,0.0,0.0
2003,2022-01-31,0.0,0.0,0.0,0.0
2003,2022-02-28,0.0,0.0,0.0,0.0
2003,2022-03-31,0.0,0.0,0.0,0.0
2003,2022-04-30,0.0,0.0,0.0,0.0
2003,2022-05-31,0.0,0.0,0.0,0.0
2003,2022-06-30,0.0,0.0,0.0,0.0
2003,2022-07-31,0.0,0.0,0.0,0.0
2003,2022-08-31,0.0,0.0,0.0,0.0
2003,2022-09-30,0.0,0.0,0.0,0.0
2003,2022-10-31,0.0,0.0,0.0,0.0
2003,2022-11-30,0.0,0.0,0.0,0.0
2003,2022-12-31,0.0,0.0,0.0,0.0
2004,2020-01-31,0.0,0.0,0.0,0.0
2004,2020-02-29,0.0,0.0,0.0,0.0
2004,2020-03-31,0.0,0.0,0.0,0.0
2004,2020-04-30,0.0,0.0,0.0,0.0
2004,2020-05-31,0.0,0.0,0.0,0.0
2004,2020-06-30,0.0,0.0,0.0,0.0
2004,2020-07-31,0.0,0.0,0.0,0.0
2004,2020-08-31,0.0,0.0,0.0,0.0
2004,2020-09-30,0.0,0.0,0.0,0.0
2004,2020-10-31,0.0,0.0,0.0,0.0
2004,2020-11-30,0.0,0.0,0.0,0.0
2004,2020-12-31,0.0,0.0,0.0,0.0
2004,2021-01-31,0.0,0.0,0.0,0.0
2004,2021-02-28,0.0,0.0,0.0,0.0
2004,2021-03-31,0.0,0.0,0.0,0.0
2004,2021-04-30,0.0,0.0,0.0,0.0
2004,2021-05-31,0.0,0.0,0.0,0.0
2004,2021-06-30,0.0,0.0,0.0,0.0
2004,2021-07-31,0.0,0.0,0.0,0.0
2004,2021-08-31,0.0,0.0,0.0,0.0
2004,2021-09-30,0.0,0.0,0.0,0.0
2004,2021-10-31,0.0,0.0,0.0,0.0
2004,2021-11-30,0.0,0.0,0.0,0.0
2004,2021-12-31,0.0,0.0,0.0,0.0
2004,2022-01-31,0.0,0.0,0.0,0.0
2004,2022-02-28,0.0,0.0,0.0,0.0
2004,2022-03-31,0.0,0.0,0.0,0.0
2004,2022-04-30,0.0,0.0,0.0,0.0
2004,2022-05-31,0.0,0.0,0.0,0.0
2004,2022-06-30,0.0,0.0,0.0,0.0
2004,2022-07-31,0.0,0.0,0.0,0.0
2004,2022-08-31,0.0,0.0,0.0,0.0
2004,2022-09-30,0.0,0.0,0.0,0.0
2004,2022-10-31,0.0,0.0,0.0,0.0
2004,2022-11-30,0.0,0.0,0.0,0.0
2004,2022-12-31,0.0,0.0,0.0,0.0
2005,2020-01-31,0.0,0.0,0.0,0.0
2005,2020-02-29,0.0,0.0,0.0,0.0
2005,2020-03-31,0.0,0.0,0.0,0.0
2005,2020-04-30,0.0,0.0,0.0,0.0
2005,2020-05-31,0.0,0.0,0.0,0.0
2005,2020-06-30,0.0,0.0,0.0,0.0
2005,2020-07-31,0.0,8402.27,0.0,-8402.27
2005,2020-08-31,-8402.27,0.0,0.0,-8402.27
2005,2020-09-30,-8402.27,14571.26,25287.04,2313.51
2005,2020-10-31,2313.51,20504.61,0.0,-18191.1
2005,2020-11-30,-18191.1,0.0,0.0,-18191.1
2005,2020-12-31,-18191.1,1612.07,0.0,-19803.17
2005,2021-01-31,-19803.17,17289.35,13447.52,-23645.0
2005,2021-02-28,-23645.0,0.0,0.0,-23645.0
2005,2021-03-31,-23645.0,0.0,0.0,-23645.0
2005,2021-04-30,-23645.0,736.24,74049.12,49667.88
2005,2021-05-31,49667.88,0.0,0.0,49667.88
2005,2021-06-30,49667.88,0.0,0.0,49667.88
2005,2021-07-31,49667.88,0.0,0.0,49667.88
2005,2021-08-31,49667.88,14899.08,45679.26,80448.06
2005,2021-09-30,80448.06,0.0,44505.77,124953.83
2005,2021-10-31,124953.83,0.0,0.0,124953.83
2005,2021-11-30,124953.83,24407.88,0.0,100545.95
2005,2021-12-31,100545.95,23743.96,0.0,76801.99
2005,2022-01-31,76801.99,0.0,0.0,76801.99
2005,2022-02-28,76801.99,15638.52,0.0,61163.47
2005,2022-03-31,61163.47,0.0,0.0,61163.47
2005,2022-04-30,61163.47,0.0,0.0,61163.47
2005,2022-05-31,61163.47,0.0,0.0,61163.47
2005,2022-06-30,61163.47,0.0,0.0,61163.47
2005,2022-07-31,61163.47,0.0,16324.31,77487.78
2005,2022-08-31,77487.78,0.0,0.0,77487.78
2005,2022-09-30,77487.78,0.0,0.0,77487.78
2005,2022-10-31,77487.78,2033.0,0.0,75454.78
2005,2022-11-30,75454.78,0.0,33732.95,109187.73
2005,2022-12-31,109187.73,0.0,0.0,109187.73
2006,2020-01-31,0.0,0.0,0.0,0.0
2006,2020-02-29,0.0,0.0,0.0,0.0
2006,2020-03-31,0.0,0.0,0.0,0.0
2006,2020-04-30,0.0,0.0,0.0,0.0
2006,2020-05-31,0.0,0.0,0.0,0.0
2006,2020-06-30,0.0,0.0,0.0,0.0
2006,2020-07-31,0.0,0.0,0.0,0.0
2006,2020-08-31,0.0,0.0,0.0,0.0
2006,2020-09-30,0.0,0.0,0.0,0.0
2006,2020-10-31,0.0,0.0,0.0,0.0
2006,2020-11-30,0.0,0.0,0.0,0.0
2006,2020-12-31,0.0,0.0,0.0,0.0
2006,2021-01-31,0.0,0.0,0.0,0.0
2006,2021-02-28,0.0,0.0,0.0,0.0
2006,2021-03-31,0.0,0.0,0.0,0.0
2006,2021-04-30,0.0,0.0,0.0,0.0
2006,2021-05-31,0.0,0.0,0.0,0.0
2006,2021-06-30,0.0,0.0,0.0,0.0
2006,2021-07-31,0.0,0.0,0.0,0.0
2006,2021-08-31,0.0,0.0,0.0,0.0
2006,2021-09-30,0.0,0.0,0.0,0.0
2006,2021-10-31,0.0,0.0,0.0,0.0
2006,2021-11-30,0.0,0.0,0.0,0.0
2006,2021-12-31,0.0,0.0,0.0,0.0
2006,2022-01-31,0.0,0.0,0.0,0.0
2006,2022-02-28,0.0,0.0,0.0,0.0
2006,2022-03-31,0.0,0.0,0.0,0.0
2006,2022-04-30,0.0,0.0,0.0,0.0
2006,2022-05-31,0.0,0.0,0.0,0.0
2006,2022-06-30,0.0,0.0,0.0,0.0
2006,2022-07-31,0.0,0.0,0.0,0.0
2006,2022-08-31,0.0,0.0,0.0,0.0
2006,2022-09-30,0.0,0.0,0.0,0.0
2006,2022-10-31,0.0,0.0,0.0,0.0
2006,2022-11-30,0.0,0.0,0.0,0.0
2006,2022-12-31,0.0,0.0,0.0,0.0
2101,2020-01-31,0.0,0.0,28160.73,28160.73
2101,2020-02-29,28160.73,0.0,48131.38,76292.11
2101,2020-03-31,76292.11,0.0,0.0,76292.11
2101,2020-04-30,76292.11,0.0,0.0,76292.11
2101,2020-05-31,76292.11,0.0,0.0,76292.11
2101,2020-06-30,76292.11,0.0,0.0,76292.11
2101,2020-07-31,76292.11,0.0,0.0,76292.11
2101,2020-08-31,76292.11,0.0,0.0,76292.11
2101,2020-09-30,76292.11,0.0,16513.3,92805.41
2101,2020-10-31,92805.41,0.0,0.0,92805.41
2101,2020-11-30,92805.41,0.0,32329.93,125135.34
2101,2020-12-31,125135.34,0.0,29124.78,154260.12
2101,2021-01-31,154260.12,0.0,15857.76,170117.88
2101,2021-02-28,170117.88,0.0,31504.92,201622.8
2101,2021-03-31,201622.8,0.0,35952.76,237575.56
2101,2021-04-30,237575.56,0.0,0.0,237575.56
2101,2021-05-31,237575.56,0.0,0.0,237575.56
2101,2021-06-30,237575.56,0.0,28474.03,266049.59
2101,2021-07-31,266049.59,0.0,0.0,266049.59
2101,2021-08-31,266049.59,0.0,0.0,266049.59
2101,2021-09-30,266049.59,0.0,0.0,266049.59
2101,2021-10-31,266049.59,0.0,36815.47,302865.06
2101,2021-11-30,302865.06,0.0,0.0,302865.06
2101,2021-12-31,302865.06,0.0,0.0,302865.06
2101,2022-01-31,302865.06,0.0,0.0,302865.06
2101,2022-02-28,302865.06,0.0,0.0,302865.06
2101,2022-03-31,302865.06,0.0,66880.61,369745.67
2101,2022-04-30,369745.67,0.0,23919.69,393665.36
2101,2022-05-31,393665.36,0.0,0.0,393665.36
2101,2022-06-30,393665.36,0.0,0.0,393665.36
2101,2022-07-31,393665.36,0.0,0.0,393665.36
2101,2022-08-31,393665.36,0.0,16345.92,410011.28
2101,2022-09-30,410011.28,0.0,22650.6,432661.88
2101,2022-10-31,432661.88,0.0,45386.66,478048.54
2101,2022-11-30,478048.54,0.0,0.0,478048.54
2101,2022-12-31,478048.54,0.0,0.0,478048.54
2102,2020-01-31,0.0,0.0,0.0,0.0
2102,2020-02-29,0.0,0.0,0.0,0.0
2102,2020-03-31,0.0,0.0,0.0,0.0
2102,2020-04-30,0.0,0.0,0.0,0.0
2102,2020-05-31,0.0,0.0,0.0,0.0
2102,2020-06-30,0.0,0.0,0.0,0.0
2102,2020-07-31,0.0,0.0,0.0,0.0
2102,2020-08-31,0.0,0.0,0.0,0.0
2102,2020-09-30,0.0,0.0,0.0,0.0
2102,2020-10-31,0.0,0.0,0.0,0.0
2102,2020-11-30,0.0,0.0,0.0,0.0
2102,2020-12-31,0.0,0.0,0.0,0.0
2102,2021-01-31,0.0,0.0,0.0,0.0
2102,2021-02-28,0.0,0.0,0.0,0.0
2102,2021-03-31,0.0,0.0,0.0,0.0
2102,2021-04-30,0.0,0.0,0.0,0.0
2102,2021-05-31,0.0,0.0,0.0,0.0
2102,2021-06-30,0.0,0.0,0.0,0.0
2102,2021-07-31,0.0,0.0,0.0,0.0
2102,2021-08-31,0.0,0.0,0.0,0.0
2102,2021-09-30,0.0,0.0,0.0,0.0
2102,2021-10-31,0.0,0.0,0.0,0.0
2102,2021-11-30,0.0,0.0,0.0,0.0
2102,2021-12-31,0.0,0.0,0.0,0.0
2102,2022-01-31,0.0,0.0,0.0,0.0
2102,2022-02-28,0.0,0.0,0.0,0.0
2102,2022-03-31,0.0,0.0,0.0,0.0
2102,2022-04-30,0.0,0.0,0.0,0.0
2102,2022-05-31,0.0,0.0,0.0,0.0
2102,2022-06-30,0.0,0.0,0.0,0.0
2102,2022-07-31,0.0,0.0,0.0,0.0
2102,2022-08-31,0.0,0.0,0.0,0.0
2102,2022-09-30,0.0,0.0,0.0,0.0
2102,2022-10-31,0.0,0.0,0.0,0.0
2102,2022-11-30,0.0,0.0,0.0,0.0
2102,2022-12-31,0.0,0.0,0.0,0.0
3001,2020-01-31,0.0,0.0,0.0,0.0
3001,2020-02-29,0.0,0.0,0.0,0.0
3001,2020-03-31,0.0,0.0,0.0,0.0
3001,2020-04-30,0.0,0.0,0.0,0.0
3001,2020-05-31,0.0,0.0,0.0,0.0
3001,2020-06-30,0.0,0.0,0.0,0.0
3001,2020-07-31,0.0,0.0,0.0,0.0
3001,2020-08-31,0.0,0.0,0.0,0.0
3001,2020-09-30,0.0,0.0,0.0,0.0
3001,2020-10-31,0.0,0.0,0.0,0.0
3001,2020-11-30,0.0,0.0,0.0,0.0
3001,2020-12-31,0.0,0.0,0.0,0.0
3001,2021-01-31,0.0,0.0,0.0,0.0
3001,2021-02-28,0.0,0.0,0.0,0.0
3001,2021-03-31,0.0,0.0,0.0,0.0
3001,2021-04-30,0.0,0.0,0.0,0.0
3001,2021-05-31,0.0,0.0,0.0,0.0
3001,2021-06-30,0.0,0.0,0.0,0.0
3001,2021-07-31,0.0,0.0,0.0,0.0
3001,2021-08-31,0.0,0.0,0.0,0.0
3001,2021-09-30,0.0,0.0,0.0,0.0
3001,2021-10-31,0.0,0.0,0.0,0.0
3001,2021-11-30,0.0,0.0,0.0,0.0
3001,2021-12-31,0.0,0.0,0.0,0.0
3001,2022-01-31,0.0,0.0,0.0,0.0
3001,2022-02-28,0.0,0.0,0.0,0.0
3001,2022-03-31,0.0,0.0,0.0,0.0
3001,2022-04-30,0.0,0.0,0.0,0.0
3001,2022-05-31,0.0,0.0,0.0,0.0
3001,2022-06-30,0.0,0.0,0.0,0.0
3001,2022-07-31,0.0,0.0,0.0,0.0
3001,2022-08-31,0.0,0.0,0.0,0.0
3001,2022-09-30,0.0,0.0,0.0,0.0
3001,2022-10-31,0.0,0.0,0.0,0.0
3001,2022-11-30,0.0,0.0,0.0,0.0
3001,2022-12-31,0.0,0.0,0.0,0.0
3002,2020-01-31,0.0,0.0,0.0,0.0
3002,2020-02-29,0.0,0.0,0.0,0.0
3002,2020-03-31,0.0,0.0,0.0,0.0
3002,2020-04-30,0.0,0.0,0.0,0.0
3002,2020-05-31,0.0,0.0,0.0,0.0
3002,2020-06-30,0.0,0.0,0.0,0.0
3002,2020-07-31,0.0,0.0,0.0,0.0
3002,2020-08-31,0.0,0.0,0.0,0.0
3002,2020-09-30,0.0,0.0,0.0,0.0
3002,2020-10-31,0.0,0.0,0.0,0.0
3002,2020-11-30,0.0,0.0,0.0,0.0
3002,2020-12-31,0.0,0.0,0.0,0.0
3002,2021-01-31,0.0,0.0,0.0,0.0
3002,2021-02-28,0.0,0.0,0.0,0.0
3002,2021-03-31,0.0,0.0,0.0,0.0
3002,2021-04-30,0.0,0.0,0.0,0.0
3002,2021-05-31,0.0,0.0,0.0,0.0
3002,2021-06-30,0.0,0.0,0.0,0.0
3002,2021-07-31,0.0,0.0,0.0,0.0
3002,2021-08-31,0.0,0.0,0.0,0.0
3002,2021-09-30,0.0,0.0,0.0,0.0
3002,2021-10-31,0.0,0.0,0.0,0.0
3002,2021-11-30,0.0,0.0,0.0,0.0
3002,2021-12-31,0.0,0.0,0.0,0.0
3002,2022-01-31,0.0,0.0,0.0,0.0
3002,2022-02-28,0.0,0.0,0.0,0.0
3002,2022-03-31,0.0,0.0,0.0,0.0
3002,2022-04-30,0.0,0.0,0.0,0.0
3002,2022-05-31,0.0,0.0,0.0,0.0
3002,2022-06-30,0.0,0.0,0.0,0.0
3002,2022-07-31,0.0,0.0,0.0,0.0
3002,2022-08-31,0.0,0.0,0.0,0.0
3002,2022-09-30,0.0,0.0,0.0,0.0
3002,2022-10-31,0.0,0.0,0.0,0.0
3002,2022-11-30,0.0,0.0,0.0,0.0
3002,2022-12-31,0.0,0.0,0.0,0.0
3003,2020-01-31,0.0,0.0,0.0,0.0
3003,2020-02-29,0.0,0.0,0.0,0.0
3003,2020-03-31,0.0,0.0,0.0,0.0
3003,2020-04-30,0.0,0.0,0.0,0.0
3003,2020-05-31,0.0,0.0,0.0,0.0
3003,2020-06-30,0.0,0.0,0.0,0.0
3003,2020-07-31,0.0,0.0,0.0,0.0
3003,2020-08-31,0.0,0.0,0.0,0.0
3003,2020-09-30,0.0,0.0,0.0,0.0
3003,2020-10-31,0.0,0.0,0.0,0.0
3003,2020-11-30,0.0,0.0,0.0,0.0
3003,2020-12-31,0.0,0.0,0.0,0.0
3003,2021-01-31,0.0,0.0,0.0,0.0
3003,2021-02-28,0.0,0.0,0.0,0.0
3003,2021-03-31,0.0,0.0,0.0,0.0
3003,2021-04-30,0.0,0.0,0.0,0.0
3003,2021-05-31,0.0,0.0,0.0,0.0
3003,2021-06-30,0.0,0.0,0.0,0.0
3003,2021-07-31,0.0,0.0,0.0,0.0
3003,2021-08-31,0.0,0.0,0.0,0.0
3003,2021-09-30,0.0,0.0,0.0,0.0
3003,2021-10-31,0.0,0.0,0.0,0.0
3003,2021-11-30,0.0,0.0,0.0,0.0
3003,2021-12-31,0.0,0.0,0.0,0.0
3003,2022-01-31,0.0,0.0,0.0,0.0
3003,2022-02-28,0.0,0.0,0.0,0.0
3003,2022-03-31,0.0,0.0,0.0,0.0
3003,2022-04-30,0.0,0.0,0.0,0.0
3003,2022-05-31,0.0,0.0,0.0,0.0
3003,2022-06-30,0.0,0.0,0.0,0.0
3003,2022-07-31,0.0,0.0,0.0,0.0
3003,2022-08-31,0.0,0.0,0.0,0.0
3003,2022-09-30,0.0,0.0,0.0,0.0
3003,2022-10-31,0.0,0.0,0.0,0.0
3003,2022-11-30,0.0,0.0,0.0,0.0
3003,2022-12-31,0.0,0.0,0.0,0.0
3004,2020-01-31,0.0,0.0,0.0,0.0
3004,2020-02-29,0.0,0.0,0.0,0.0
3004,2020-03-31,0.0,0.0,0.0,0.0
3004,2020-04-30,0.0,0.0,0.0,0.0
3004,2020-05-31,0.0,0.0,0.0,0.0
3004,2020-06-30,0.0,0.0,0.0,0.0
3004,2020-07-31,0.0,0.0,0.0,0.0
3004,2020-08-31,0.0,0.0,0.0,0.0
3004,2020-09-30,0.0,0.0,0.0,0.0
3004,2020-10-31,0.0,0.0,0.0,0.0
3004,2020-11-30,0.0,0.0,0.0,0.0
3004,2020-12-31,0.0,0.0,0.0,0.0
3004,2021-01-31,0.0,0.0,0.0,0.0
3004,2021-02-28,0.0,0.0,0.0,0.0
3004,2021-03-31,0.0,0.0,0.0,0.0
3004,2021-04-30,0.0,0.0,0.0,0.0
3004,2021-05-31,0.0,0.0,0.0,0.0
3004,2021-06-30,0.0,0.0,0.0,0.0
3004,2021-07-31,0.0,0.0,0.0,0.0
3004,2021-08-31,0.0,0.0,0.0,0.0
3004,2021-09-30,0.0,0.0,0.0,0.0
3004,2021-10-31,0.0,0.0,0.0,0.0
3004,2021-11-30,0.0,0.0,0.0,0.0
3004,2021-12-31,0.0,0.0,0.0,0.0
3004,2022-01-31,0.0,0.0,0.0,0.0
3004,2022-02-28,0.0,0.0,0.0,0.0
3004,2022-03-31,0.0,0.0,0.0,0.0
3004,2022-04-30,0.0,0.0,0.0,0.0
3004,2022-05-31,0.0,0.0,0.0,0.0
3004,2022-06-30,0.0,0.0,0.0,0.0
3004,2022-07-31,0.0,0.0,0.0,0.0
3004,2022-08-31,0.0,0.0,0.0,0.0
3004,2022-09-30,0.0,0.0,0.0,0.0
3004,2022-10-31,0.0,0.0,0.0,0.0
3004,2022-11-30,0.0,0.0,0.0,0.0
3004,2022-12-31,0.0,0.0,0.0,0.0
3005,2020-01-31,0.0,0.0,0.0,0.0
3005,2020-02-29,0.0,0.0,0.0,0.0
3005,2020-03-31,0.0,0.0,0.0,0.0
3005,2020-04-30,0.0,0.0,0.0,0.0
3005,2020-05-31,0.0,0.0,0.0,0.0
3005,2020-06-30,0.0,0.0,0.0,0.0
3005,2020-07-31,0.0,0.0,0.0,0.0
3005,2020-08-31,0.0,0.0,0.0,0.0
3005,2020-09-30,0.0,0.0,0.0,0.0
3005,2020-10-31,0.0,0.0,0.0,0.0
3005,2020-11-30,0.0,0.0,0.0,0.0
3005,2020-12-31,0.0,0.0,0.0,0.0
3005,2021-01-31,0.0,0.0,0.0,0.0
3005,2021-02-28,0.0,0.0,0.0,0.0
3005,2021-03-31,0.0,0.0,0.0,0.0
3005,2021-04-30,0.0,0.0,0.0,0.0
3005,2021-05-31,0.0,0.0,0.0,0.0
3005,2021-06-30,0.0,0.0,0.0,0.0
3005,2021-07-31,0.0,0.0,0.0,0.0
3005,2021-08-31,0.0,0.0,0.0,0.0
3005,2021-09-30,0.0,0.0,0.0,0.0
3005,2021-10-31,0.0,0.0,0.0,0.0
3005,2021-11-30,0.0,0.0,0.0,0.0
3005,2021-12-31,0.0,0.0,0.0,0.0
3005,2022-01-31,0.0,0.0,0.0,0.0
3005,2022-02-28,0.0,0.0,0.0,0.0
3005,2022-03-31,0.0,0.0,0.0,0.0
3005,2022-04-30,0.0,0.0,0.0,0.0
3005,2022-05-31,0.0,0.0,0.0,0.0
3005,2022-06-30,0.0,0.0,0.0,0.0
3005,2022-07-31,0.0,0.0,0.0,0.0
3005,2022-08-31,0.0,0.0,0.0,0.0
3005,2022-09-30,0.0,0.0,0.0,0.0
3005,2022-10-31,0.0,0.0,0.0,0.0
3005,2022-11-30,0.0,0.0,0.0,0.0
3005,2022-12-31,0.0,0.0,0.0,0.0
4001,2020-01-31,0.0,0.0,747479.32,747479.32
4001,2020-02-29,747479.32,0.0,279907.02,1027386.34
4001,2020-03-31,1027386.34,0.0,182764.09,1210150.43
4001,2020-04-30,1210150.43,0.0,829294.34,2039444.77
4001,2020-05-31,2039444.77,0.0,132588.06,2172032.83
4001,2020-06-30,2172032.83,0.0,143192.71,2315225.54
4001,2020-07-31,2315225.54,0.0,248057.48,2563283.02
4001,2020-08-31,2563283.02,0.0,370350.95,2933633.97
4001,2020-09-30,2933633.97,0.0,179784.23,3113418.2
4001,2020-10-31,3113418.2,0.0,152977.03,3266395.23
4001,2020-11-30,3266395.23,0.0,459134.86,3725530.09
4001,2020-12-31,3725530.09,0.0,736891.38,4462421.47
4001,2021-01-31,4462421.47,0.0,454236.41,4916657.88
4001,2021-02-28,4916657.88,0.0,227689.8,5144347.68
4001,2021-03-31,5144347.68,0.0,177331.25,5321678.93
4001,2021-04-30,5321678.93,0.0,184016.41,5505695.34
4001,2021-05-31,5505695.34,0.0,719294.44,6224989.78
4001,2021-06-30,6224989.78,0.0,189608.23,6414598.01
4001,2021-07-31,6414598.01,0.0,642470.56,7057068.57
4001,2021-08-31,7057068.57,0.0,957798.94,8014867.51
4001,2021-09-30,8014867.51,0.0,259132.58,8274000.09
4001,2021-10-31,8274000.09,0.0,353180.76,8627180.85
4001,2021-11-30,8627180.85,0.0,368453.21,8995634.06
4001,2021-12-31,8995634.06,0.0,181005.64,9176639.7
4001,2022-01-31,9176639.7,0.0,214633.78,9391273.48
4001,2022-02-28,9391273.48,0.0,381655.4,9772928.88
4001,2022-03-31,9772928.88,0.0,843794.79,10616723.67
4001,2022-04-30,10616723.67,0.0,618353.63,11235077.3
4001,2022-05-31,11235077.3,0.0,667839.47,11902916.77
4001,2022-06-30,11902916.77,0.0,235099.27,12138016.04
4001,2022-07-31,12138016.04,0.0,360293.49,12498309.53
4001,2022-08-31,12498309.53,0.0,1188179.93,13686489.46
4001,2022-09-30,13686489.46,0.0,292640.39,13979129.85
4001,2022-10-31,13979129.85,0.0,391775.96,14370905.81
4001,2022-11-30,14370905.81,0.0,613990.22,14984896.03
4001,2022-12-31,14984896.03,0.0,584081.97,15568978.0
4002,2020-01-31,0.0,0.0,0.0,0.0
4002,2020-02-29,0.0,0.0,0.0,0.0
4002,2020-03-31,0.0,0.0,0.0,0.0
4002,2020-04-30,0.0,0.0,0.0,0.0
4002,2020-05-31,0.0,0.0,0.0,0.0
4002,2020-06-30,0.0,0.0,0.0,0.0
4002,2020-07-31,0.0,0.0,0.0,0.0
4002,2020-08-31,0.0,0.0,0.0,0.0
4002,2020-09-30,0.0,0.0,0.0,0.0
4002,2020-10-31,0.0,0.0,0.0,0.0
4002,2020-11-30,0.0,0.0,0.0,0.0
4002,2020-12-31,0.0,0.0,0.0,0.0
4002,2021-01-31,0.0,0.0,0.0,0.0
4002,2021-02-28,0.0,0.0,0.0,0.0
4002,2021-03-31,0.0,0.0,0.0,0.0
4002,2021-04-30,0.0,0.0,0.0,0.0
4002,2021-05-31,0.0,0.0,0.0,0.0
4002,2021-06-30,0.0,0.0,0.0,0.0
4002,2021-07-31,0.0,0.0,0.0,0.0
4002,2021-08-31,0.0,0.0,0.0,0.0
4002,2021-09-30,0.0,0.0,0.0,0.0
4002,2021-10-31,0.0,0.0,0.0,0.0
4002,2021-11-30,0.0,0.0,0.0,0.0
4002,2021-12-31,0.0,0.0,0.0,0.0
4002,2022-01-31,0.0,0.0,0.0,0.0
4002,2022-02-28,0.0,0.0,0.0,0.0
4002,2022-03-31,0.0,0.0,0.0,0.0
4002,2022-04-30,0.0,0.0,0.0,0.0
4002,2022-05-31,0.0,0.0,0.0,0.0
4002,2022-06-30,0.0,0.0,0.0,0.0
4002,2022-07-31,0.0,0.0,0.0,0.0
4002,2022-08-31,0.0,0.0,0.0,0.0
4002,2022-09-30,0.0,0.0,0.0,0.0
4002,2022-10-31,0.0,0.0,0.0,0.0
4002,2022-11-30,0.0,0.0,0.0,0.0
4002,2022-12-31,0.0,0.0,0.0,0.0
4003,2020-01-31,0.0,0.0,0.0,0.0
4003,2020-02-29,0.0,0.0,0.0,0.0
4003,2020-03-31,0.0,0.0,0.0,0.0
4003,2020-04-30,0.0,0.0,0.0,0.0
4003,2020-05-31,0.0,0.0,0.0,0.0
4003,2020-06-30,0.0,0.0,0.0,0.0
4003,2020-07-31,0.0,0.0,0.0,0.0
4003,2020-08-31,0.0,0.0,0.0,0.0
4003,2020-09-30,0.0,0.0,0.0,0.0
4003,2020-10-31,0.0,0.0,0.0,0.0
4003,2020-11-30,0.0,0.0,0.0,0.0
4003,2020-12-31,0.0,0.0,0.0,0.0
4003,2021-01-31,0.0,0.0,0.0,0.0
4003,2021-02-28,0.0,0.0,0.0,0.0
4003,2021-03-31,0.0,0.0,0.0,0.0
4003,2021-04-30,0.0,0.0,0.0,0.0
4003,2021-05-31,0.0,0.0,0.0,0.0
4003,2021-06-30,0.0,0.0,0.0,0.0
4003,2021-07-31,0.0,0.0,0.0,0.0
4003,2021-08-31,0.0,0.0,0.0,0.0
4003,2021-09-30,0.0,0.0,0.0,0.0
4003,2021-10-31,0.0,0.0,0.0,0.0
4003,2021-11-30,0.0,0.0,0.0,0.0
4003,2021-12-31,0.0,0.0,0.0,0.0
4003,2022-01-31,0.0,0.0,0.0,0.0
4003,2022-02-28,0.0,0.0,0.0,0.0
4003,2022-03-31,0.0,0.0,0.0,0.0
4003,2022-04-30,0.0,0.0,0.0,0.0
4003,2022-05-31,0.0,0.0,0.0,0.0
4003,2022-06-30,0.0,0.0,0.0,0.0
4003,2022-07-31,0.0,0.0,0.0,0.0
4003,2022-08-31,0.0,0.0,0.0,0.0
4003,2022-09-30,0.0,0.0,0.0,0.0
4003,2022-10-31,0.0,0.0,0.0,0.0
4003,2022-11-30,0.0,0.0,0.0,0.0
4003,2022-12-31,0.0,0.0,0.0,0.0
4004,2020-01-31,0.0,0.0,0.0,0.0
4004,2020-02-29,0.0,0.0,0.0,0.0
4004,2020-03-31,0.0,0.0,0.0,0.0
4004,2020-04-30,0.0,0.0,0.0,0.0
4004,2020-05-31,0.0,0.0,0.0,0.0
4004,2020-06-30,0.0,0.0,0.0,0.0
4004,2020-07-31,0.0,0.0,0.0,0.0
4004,2020-08-31,0.0,0.0,0.0,0.0
4004,2020-09-30,0.0,0.0,0.0,0.0
4004,2020-10-31,0.0,0.0,0.0,0.0
4004,2020-11-30,0.0,0.0,0.0,0.0
4004,2020-12-31,0.0,0.0,0.0,0.0
4004,2021-01-31,0.0,0.0,0.0,0.0
4004,2021-02-28,0.0,0.0,0.0,0.0
4004,2021-03-31,0.0,0.0,0.0,0.0
4004,2021-04-30,0.0,0.0,0.0,0.0
4004,2021-05-31,0.0,0.0,0.0,0.0
4004,2021-06-30,0.0,0.0,0.0,0.0
4004,2021-07-31,0.0,0.0,0.0,0.0
4004,2021-08-31,0.0,0.0,0.0,0.0
4004,2021-09-30,0.0,0.0,0.0,0.0
4004,2021-10-31,0.0,0.0,0.0,0.0
4004,2021-11-30,0.0,0.0,0.0,0.0
4004,2021-12-31,0.0,0.0,0.0,0.0
4004,2022-01-31,0.0,0.0,0.0,0.0
4004,2022-02-28,0.0,0.0,0.0,0.0
4004,2022-03-31,0.0,0.0,0.0,0.0
4004,2022-04-30,0.0,0.0,0.0,0.0
4004,2022-05-31,0.0,0.0,0.0,0.0
4004,2022-06-30,0.0,0.0,0.0,0.0
4004,2022-07-31,0.0,0.0,0.0,0.0
4004,2022-08-31,0.0,0.0,0.0,0.0
4004,2022-09-30,0.0,0.0,0.0,0.0
4004,2022-10-31,0.0,0.0,0.0,0.0
4004,2022-11-30,0.0,0.0,0.0,0.0
4004,2022-12-31,0.0,0.0,0.0,0.0
4005,2020-01-31,0.0,0.0,0.0,0.0
4005,2020-02-29,0.0,0.0,0.0,0.0
4005,2020-03-31,0.0,0.0,0.0,0.0
4005,2020-04-30,0.0,0.0,0.0,0.0
4005,2020-05-31,0.0,0.0,22151.35,22151.35
4005,2020-06-30,22151.35,0.0,0.0,22151.35
4005,2020-07-31,22151.35,0.0,34488.29,56639.64
4005,2020-08-31,56639.64,0.0,0.0,56639.64
4005,2020-09-30,56639.64,0.0,0.0,56639.64
4005,2020-10-31,56639.64,0.0,76782.57,133422.21
4005,2020-11-30,133422.21,0.0,59456.33,192878.54
4005,2020-12-31,192878.54,0.0,47159.62,240038.16
4005,2021-01-31,240038.16,0.0,138837.63,378875.79
4005,2021-02-28,378875.79,0.0,0.0,378875.79
4005,2021-03-31,378875.79,0.0,0.0,378875.79
4005,2021-04-30,378875.79,0.0,0.0,378875.79
4005,2021-05-31,378875.79,0.0,29511.4,408387.19
4005,2021-06-30,408387.19,0.0,0.0,408387.19
4005,2021-07-31,408387.19,0.0,3439.27,411826.46
4005,2021-08-31,411826.46,0.0,20236.8,432063.26
4005,2021-09-30,432063.26,0.0,1900.67,433963.93
4005,2021-10-31,433963.93,0.0,14212.09,448176.02
4005,2021-11-30,448176.02,0.0,45807.64,493983.66
4005,2021-12-31,493983.66,0.0,0.0,493983.66
4005,2022-01-31,493983.66,0.0,78195.17,572178.83
4005,2022-02-28,572178.83,0.0,0.0,572178.83
4005,2022-03-31,572178.83,0.0,18659.49,590838.32
4005,2022-04-30,590838.32,0.0,4253.86,595092.18
4005,2022-05-31,595092.18,0.0,57558.26,652650.44
4005,2022-06-30,652650.44,0.0,90899.99,743550.43
4005,2022-07-31,743550.43,0.0,0.0,743550.43
4005,2022-08-31,743550.43,0.0,0.0,743550.43
4005,2022-09-30,743550.43,0.0,82705.97,826256.4
4005,2022-10-31,826256.4,0.0,0.0,826256.4
4005,2022-11-30,826256.4,0.0,16685.4,842941.8
4005,2022-12-31,842941.8,0.0,0.0,842941.8
5001,2020-01-31,0.0,118200.19,0.0,118200.19
5001,2020-02-29,118200.19,43475.82,0.0,161676.01
5001,2020-03-31,161676.01,29650.11,0.0,191326.12
5001,2020-04-30,191326.12,132993.22,0.0,324319.34
5001,2020-05-31,324319.34,19764.67,0.0,344084.01
5001,2020-06-30,344084.01,21756.75,0.0,365840.76
5001,2020-07-31,365840.76,41145.69,0.0,406986.45
5001,2020-08-31,406986.45,56684.19,0.0,463670.64
5001,2020-09-30,463670.64,26695.68,0.0,490366.32
5001,2020-10-31,490366.32,24712.31,0.0,515078.63
5001,2020-11-30,515078.63,74371.5,0.0,589450.13
5001,2020-12-31,589450.13,113472.62,0.0,702922.75
5001,2021-01-31,702922.75,70820.73,0.0,773743.48
5001,2021-02-28,773743.48,36756.67,0.0,810500.15
5001,2021-03-31,810500.15,27399.41,0.0,837899.56
5001,2021-04-30,837899.56,28863.55,0.0,866763.11
5001,2021-05-31,866763.11,114792.93,0.0,981556.04
5001,2021-06-30,981556.04,28438.98,0.0,1009995.02
5001,2021-07-31,1009995.02,100494.41,0.0,1110489.43
5001,2021-08-31,1110489.43,152272.36,0.0,1262761.79
5001,2021-09-30,1262761.79,38963.2,0.0,1301724.99
5001,2021-10-31,1301724.99,53040.74,0.0,1354765.73
5001,2021-11-30,1354765.73,57596.35,0.0,1412362.08
5001,2021-12-31,1412362.08,28103.88,0.0,1440465.96
5001,2022-01-31,1440465.96,33088.37,0.0,1473554.33
5001,2022-02-28,1473554.33,59045.63,0.0,1532599.96
5001,2022-03-31,1532599.96,129022.6,0.0,1661622.56
5001,2022-04-30,1661622.56,96669.53,0.0,1758292.09
5001,2022-05-31,1758292.09,109442.2,0.0,1867734.29
5001,2022-06-30,1867734.29,36652.0,0.0,1904386.29
5001,2022-07-31,1904386.29,57743.3,0.0,1962129.59
5001,2022-08-31,1962129.59,189242.25,0.0,2151371.84
5001,2022-09-30,2151371.84,44144.92,0.0,2195516.76
5001,2022-10-31,2195516.76,62138.32,0.0,2257655.08
5001,2022-11-30,2257655.08,96773.77,0.0,2354428.85
5001,2022-12-31,2354428.85,91402.35,0.0,2445831.2
5002,2020-01-31,0.0,0.0,0.0,0.0
5002,2020-02-29,0.0,0.0,0.0,0.0
5002,2020-03-31,0.0,0.0,0.0,0.0
5002,2020-04-30,0.0,0.0,0.0,0.0
5002,2020-05-31,0.0,0.0,0.0,0.0
5002,2020-06-30,0.0,0.0,0.0,0.0
5002,2020-07-31,0.0,0.0,0.0,0.0
5002,2020-08-31,0.0,0.0,0.0,0.0
5002,2020-09-30,0.0,0.0,0.0,0.0
5002,2020-10-31,0.0,0.0,0.0,0.0
5002,2020-11-30,0.0,0.0,0.0,0.0
5002,2020-12-31,0.0,0.0,0.0,0.0
5002,2021-01-31,0.0,0.0,0.0,0.0
5002,2021-02-28,0.0,0.0,0.0,0.0
5002,2021-03-31,0.0,0.0,0.0,0.0
5002,2021-04-30,0.0,0.0,0.0,0.0
5002,2021-05-31,0.0,0.0,0.0,0.0
5002,2021-06-30,0.0,0.0,0.0,0.0
5002,2021-07-31,0.0,0.0,0.0,0.0
5002,2021-08-31,0.0,0.0,0.0,0.0
5002,2021-09-30,0.0,0.0,0.0,0.0
5002,2021-10-31,0.0,0.0,0.0,0.0
5002,2021-11-30,0.0,0.0,0.0,0.0
5002,2021-12-31,0.0,0.0,0.0,0.0
5002,2022-01-31,0.0,0.0,0.0,0.0
5002,2022-02-28,0.0,0.0,0.0,0.0
5002,2022-03-31,0.0,0.0,0.0,0.0
5002,2022-04-30,0.0,0.0,0.0,0.0
5002,2022-05-31,0.0,0.0,0.0,0.0
5002,2022-06-30,0.0,0.0,0.0,0.0
5002,2022-07-31,0.0,0.0,0.0,0.0
5002,2022-08-31,0.0,0.0,0.0,0.0
5002,2022-09-30,0.0,0.0,0.0,0.0
5002,2022-10-31,0.0,0.0,0.0,0.0
5002,2022-11-30,0.0,0.0,0.0,0.0
5002,2022-12-31,0.0,0.0,0.0,0.0
5003,2020-01-31,0.0,0.0,0.0,0.0
5003,2020-02-29,0.0,0.0,0.0,0.0
5003,2020-03-31,0.0,0.0,0.0,0.0
5003,2020-04-30,0.0,0.0,0.0,0.0
5003,2020-05-31,0.0,0.0,0.0,0.0
5003,2020-06-30,0.0,0.0,0.0,0.0
5003,2020-07-31,0.0,0.0,0.0,0.0
5003,2020-08-31,0.0,0.0,0.0,0.0
5003,2020-09-30,0.0,0.0,0.0,0.0
5003,2020-10-31,0.0,0.0,0.0,0.0
5003,2020-11-30,0.0,0.0,0.0,0.0
5003,2020-12-31,0.0,0.0,0.0,0.0
5003,2021-01-31,0.0,0.0,0.0,0.0
5003,2021-02-28,0.0,0.0,0.0,0.0
5003,2021-03-31,0.0,0.0,0.0,0.0
5003,2021-04-30,0.0,0.0,0.0,0.0
5003,2021-05-31,0.0,0.0,0.0,0.0
5003,2021-06-30,0.0,0.0,0.0,0.0
5003,2021-07-31,0.0,0.0,0.0,0.0
5003,2021-08-31,0.0,0.0,0.0,0.0
5003,2021-09-30,0.0,0.0,0.0,0.0
5003,2021-10-31,0.0,0.0,0.0,0.0
5003,2021-11-30,0.0,0.0,0.0,0.0
5003,2021-12-31,0.0,0.0,0.0,0.0
5003,2022-01-31,0.0,0.0,0.0,0.0
5003,2022-02-28,0.0,0.0,0.0,0.0
5003,2022-03-31,0.0,0.0,0.0,0.0
5003,2022-04-30,0.0,0.0,0.0,0.0
5003,2022-05-31,0.0,0.0,0.0,0.0
5003,2022-06-30,0.0,0.0,0.0,0.0
5003,2022-07-31,0.0,0.0,0.0,0.0
5003,2022-08-31,0.0,0.0,0.0,0.0
5003,2022-09-30,0.0,0.0,0.0,0.0
5003,2022-10-31,0.0,0.0,0.0,0.0
5003,2022-11-30,0.0,0.0,0.0,0.0
5003,2022-12-31,0.0,0.0,0.0,0.0
5004,2020-01-31,0.0,0.0,0.0,0.0
5004,2020-02-29,0.0,0.0,0.0,0.0
5004,2020-03-31,0.0,0.0,0.0,0.0
5004,2020-04-30,0.0,0.0,0.0,0.0
5004,2020-05-31,0.0,0.0,0.0,0.0
5004,2020-06-30,0.0,0.0,0.0,0.0
5004,2020-07-31,0.0,0.0,0.0,0.0
5004,2020-08-31,0.0,0.0,0.0,0.0
5004,2020-09-30,0.0,0.0,0.0,0.0
5004,2020-10-31,0.0,0.0,0.0,0.0
5004,2020-11-30,0.0,0.0,0.0,0.0
5004,2020-12-31,0.0,0.0,0.0,0.0
5004,2021-01-31,0.0,0.0,0.0,0.0
5004,2021-02-28,0.0,0.0,0.0,0.0
5004,2021-03-31,0.0,0.0,0.0,0.0
5004,2021-04-30,0.0,0.0,0.0,0.0
5004,2021-05-31,0.0,0.0,0.0,0.0
5004,2021-06-30,0.0,0.0,0.0,0.0
5004,2021-07-31,0.0,0.0,0.0,0.0
5004,2021-08-31,0.0,0.0,0.0,0.0
5004,2021-09-30,0.0,0.0,0.0,0.0
5004,2021-10-31,0.0,0.0,0.0,0.0
5004,2021-11-30,0.0,0.0,0.0,0.0
5004,2021-12-31,0.0,0.0,0.0,0.0
5004,2022-01-31,0.0,0.0,0.0,0.0
5004,2022-02-28,0.0,0.0,0.0,0.0
5004,2022-03-31,0.0,0.0,0.0,0.0
5004,2022-04-30,0.0,0.0,0.0,0.0
5004,2022-05-31,0.0,0.0,0.0,0.0
5004,2022-06-30,0.0,0.0,0.0,0.0
5004,2022-07-31,0.0,0.0,0.0,0.0
5004,2022-08-31,0.0,0.0,0.0,0.0
5004,2022-09-30,0.0,0.0,0.0,0.0
5004,2022-10-31,0.0,0.0,0.0,0.0
5004,2022-11-30,0.0,0.0,0.0,0.0
5004,2022-12-31,0.0,0.0,0.0,0.0
5005,2020-01-31,0.0,91023.05,0.0,91023.05
5005,2020-02-29,91023.05,27990.7,0.0,119013.75
5005,2020-03-31,119013.75,33543.55,0.0,152557.3
5005,2020-04-30,152557.3,125006.31,0.0,277563.61
5005,2020-05-31,277563.61,25189.99,0.0,302753.6
5005,2020-06-30,302753.6,14319.27,0.0,317072.87
5005,2020-07-31,317072.87,47410.55,0.0,364483.42
5005,2020-08-31,364483.42,45095.73,0.0,409579.15
5005,2020-09-30,409579.15,83706.22,0.0,493285.37
5005,2020-10-31,493285.37,38566.21,0.0,531851.58
5005,2020-11-30,531851.58,67029.08,0.0,598880.66
5005,2020-12-31,598880.66,121860.93,0.0,720741.59
5005,2021-01-31,720741.59,82316.01,0.0,803057.6
5005,2021-02-28,803057.6,56424.89,0.0,859482.49
5005,2021-03-31,859482.49,57848.36,0.0,917330.85
5005,2021-04-30,917330.85,38657.32,0.0,955988.17
5005,2021-05-31,955988.17,103724.98,0.0,1059713.15
5005,2021-06-30,1059713.15,77158.77,0.0,1136871.92
5005,2021-07-31,1136871.92,126553.51,0.0,1263425.43
5005,2021-08-31,1263425.43,123025.49,0.0,1386450.92
5005,2021-09-30,1386450.92,39839.42,0.0,1426290.34
5005,2021-10-31,1426290.34,48740.07,0.0,1475030.41
5005,2021-11-30,1475030.41,89116.24,0.0,1564146.65
5005,2021-12-31,1564146.65,57614.6,0.0,1621761.25
5005,2022-01-31,1621761.25,115025.49,0.0,1736786.74
5005,2022-02-28,1736786.74,38165.54,0.0,1774952.28
5005,2022-03-31,1774952.28,150163.69,0.0,1925115.97
5005,2022-04-30,1925115.97,95599.93,0.0,2020715.9
5005,2022-05-31,2020715.9,107716.79,0.0,2128432.69
5005,2022-06-30,2128432.69,97476.02,0.0,2225908.71
5005,2022-07-31,2225908.71,84256.06,0.0,2310164.77
5005,2022-08-31,2310164.77,118817.99,0.0,2428982.76
5005,2022-09-30,2428982.76,42926.95,0.0,2471909.71
5005,2022-10-31,2471909.71,57623.93,0.0,2529533.64
5005,2022-11-30,2529533.64,95108.28,0.0,2624641.92
5005,2022-12-31,2624641.92,159437.17,0.0,2784079.09
5006,2020-01-31,0.0,112121.9,0.0,112121.9
5006,2020-02-29,112121.9,41986.05,0.0,154107.95
5006,2020-03-31,154107.95,27414.61,0.0,181522.56
5006,2020-04-30,181522.56,124394.15,0.0,305916.71
5006,2020-05-31,305916.71,19888.21,0.0,325804.92
5006,2020-06-30,325804.92,21478.91,0.0,347283.83
5006,2020-07-31,347283.83,37208.62,0.0,384492.45
5006,2020-08-31,384492.45,55552.64,0.0,440045.09
5006,2020-09-30,440045.09,26967.63,0.0,467012.72
5006,2020-10-31,467012.72,22946.55,0.0,489959.27
5006,2020-11-30,489959.27,68870.23,0.0,558829.5
5006,2020-12-31,558829.5,110533.71,0.0,669363.21
5006,2021-01-31,669363.21,68135.46,0.0,737498.67
5006,2021-02-28,737498.67,34153.47,0.0,771652.14
5006,2021-03-31,771652.14,26599.69,0.0,798251.83
5006,2021-04-30,798251.83,27602.46,0.0,825854.29
5006,2021-05-31,825854.29,107894.17,0.0,933748.46
5006,2021-06-30,933748.46,28441.23,0.0,962189.69
5006,2021-07-31,962189.69,96370.58,0.0,1058560.27
5006,2021-08-31,1058560.27,143669.84,0.0,1202230.11
5006,2021-09-30,1202230.11,38869.89,0.0,1241100.0
5006,2021-10-31,1241100.0,52977.11,0.0,1294077.11
5006,2021-11-30,1294077.11,55267.98,0.0,1349345.09
5006,2021-12-31,1349345.09,27150.85,0.0,1376495.94
5006,2022-01-31,1376495.94,32195.07,0.0,1408691.01
5006,2022-02-28,1408691.01,57248.31,0.0,1465939.32
5006,2022-03-31,1465939.32,126569.22,0.0,1592508.54
5006,2022-04-30,1592508.54,92753.04,0.0,1685261.58
5006,2022-05-31,1685261.58,100175.92,0.0,1785437.5
5006,2022-06-30,1785437.5,35264.89,0.0,1820702.39
5006,2022-07-31,1820702.39,54044.02,0.0,1874746.41
5006,2022-08-31,1874746.41,178226.99,0.0,2052973.4
5006,2022-09-30,2052973.4,43896.06,0.0,2096869.46
5006,2022-10-31,2096869.46,58766.39,0.0,2155635.85
5006,2022-11-30,2155635.85,92098.53,0.0,2247734.38
5006,2022-12-31,2247734.38,87612.3,0.0,2335346.68
5007,2020-01-31,0.0,0.0,0.0,0.0
5007,2020-02-29,0.0,0.0,0.0,0.0
5007,2020-03-31,0.0,0.0,0.0,0.0
5007,2020-04-30,0.0,0.0,0.0,0.0
5007,2020-05-31,0.0,0.0,0.0,0.0
5007,2020-06-30,0.0,0.0,0.0,0.0
5007,2020-07-31,0.0,0.0,0.0,0.0
5007,2020-08-31,0.0,0.0,0.0,0.0
5007,2020-09-30,0.0,0.0,0.0,0.0
5007,2020-10-31,0.0,0.0,0.0,0.0
5007,2020-11-30,0.0,0.0,0.0,0.0
5007,2020-12-31,0.0,0.0,0.0,0.0
5007,2021-01-31,0.0,0.0,0.0,0.0
5007,2021-02-28,0.0,0.0,0.0,0.0
5007,2021-03-31,0.0,0.0,0.0,0.0
5007,2021-04-30,0.0,0.0,0.0,0.0
5007,2021-05-31,0.0,0.0,0.0,0.0
5007,2021-06-30,0.0,0.0,0.0,0.0
5007,2021-07-31,0.0,0.0,0.0,0.0
5007,2021-08-31,0.0,0.0,0.0,0.0
5007,2021-09-30,0.0,0.0,0.0,0.0
5007,2021-10-31,0.0,0.0,0.0,0.0
5007,2021-11-30,0.0,0.0,0.0,0.0
5007,2021-12-31,0.0,0.0,0.0,0.0
5007,2022-01-31,0.0,0.0,0.0,0.0
5007,2022-02-28,0.0,0.0,0.0,0.0
5007,2022-03-31,0.0,0.0,0.0,0.0
5007,2022-04-30,0.0,0.0,0.0,0.0
5007,2022-05-31,0.0,0.0,0.0,0.0
5007,2022-06-30,0.0,0.0,0.0,0.0
5007,2022-07-31,0.0,0.0,0.0,0.0
5007,2022-08-31,0.0,0.0,0.0,0.0
5007,2022-09-30,0.0,0.0,0.0,0.0
5007,2022-10-31,0.0,0.0,0.0,0.0
5007,2022-11-30,0.0,0.0,0.0,0.0
5007,2022-12-31,0.0,0.0,0.0,0.0
5008,2020-01-31,0.0,18918.99,0.0,18918.99
5008,2020-02-29,18918.99,0.0,0.0,18918.99
5008,2020-03-31,18918.99,0.0,0.0,18918.99
5008,2020-04-30,18918.99,0.0,0.0,18918.99
5008,2020-05-31,18918.99,0.0,0.0,18918.99
5008,2020-06-30,18918.99,0.0,0.0,18918.99
5008,2020-07-31,18918.99,0.0,0.0,18918.99
5008,2020-08-31,18918.99,26516.15,0.0,45435.14
5008,2020-09-30,45435.14,0.0,0.0,45435.14
5008,2020-10-31,45435.14,0.0,0.0,45435.14
5008,2020-11-30,45435.14,19426.6,0.0,64861.74
5008,2020-12-31,64861.74,0.0,0.0,64861.74
5008,2021-01-31,64861.74,0.0,0.0,64861.74
5008,2021-02-28,64861.74,24552.96,0.0,89414.7
5008,2021-03-31,89414.7,6295.02,0.0,95709.72
5008,2021-04-30,95709.72,0.0,0.0,95709.72
5008,2021-05-31,95709.72,0.0,0.0,95709.72
5008,2021-06-30,95709.72,0.0,0.0,95709.72
5008,2021-07-31,95709.72,0.0,0.0,95709.72
5008,2021-08-31,95709.72,0.0,0.0,95709.72
5008,2021-09-30,95709.72,0.0,0.0,95709.72
5008,2021-10-31,95709.72,0.0,0.0,95709.72
5008,2021-11-30,95709.72,0.0,0.0,95709.72
5008,2021-12-31,95709.72,0.0,0.0,95709.72
5008,2022-01-31,95709.72,0.0,0.0,95709.72
5008,2022-02-28,95709.72,0.0,0.0,95709.72
5008,2022-03-31,95709.72,0.0,0.0,95709.72
5008,2022-04-30,95709.72,19338.2,0.0,115047.92
5008,2022-05-31,115047.92,0.0,0.0,115047.92
5008,2022-06-30,115047.92,0.0,0.0,115047.92
5008,2022-07-31,115047.92,19197.01,0.0,134244.93
5008,2022-08-31,134244.93,0.0,0.0,134244.93
5008,2022-09-30,134244.93,0.0,0.0,134244.93
5008,2022-10-31,134244.93,0.0,0.0,134244.93
5008,2022-11-30,134244.93,0.0,0.0,134244.93
5008,2022-12-31,134244.93,2657.7,0.0,136902.63
