ID_Venta,Fecha,ID_Cliente,ID_Producto,Cantidad_Vendida,Precio_Unitario,Total_Venta
652,2020-01-01,15,37,8,339.6,2716.8
208,2020-01-02,97,33,9,4562.71,41064.39
298,2020-01-02,49,13,4,103.78,415.12
923,2020-01-03,54,14,49,802.52,39323.48
131,2020-01-03,45,14,8,802.52,6420.16
737,2020-01-03,94,6,8,4655.31,37242.48
146,2020-01-03,32,35,6,92.63,555.78
732,2020-01-05,84,41,8,1275.67,10205.36
791,2020-01-10,86,17,4,1029.87,4119.48
93,2020-01-11,36,49,48,4774.29,229165.92
714,2020-01-12,16,16,5,122.3,611.5
287,2020-01-12,5,34,5,1339.0,6695.0
734,2020-01-15,96,21,5,356.31,1781.55
123,2020-01-16,42,44,2,122.35,244.7
649,2020-01-19,8,26,49,3035.23,148726.27
276,2020-01-19,70,34,131,1339.0,175409.0
820,2020-01-19,86,5,2,130.6,261.2
833,2020-01-20,91,41,6,1275.67,7654.02
484,2020-01-22,57,2,2,2034.13,4068.26
86,2020-01-27,57,31,6,493.24,2959.44
242,2020-01-28,66,35,5,92.63,463.15
177,2020-01-29,11,33,6,4562.71,27376.26
226,2020-02-04,61,29,6,454.83,2728.98
853,2020-02-08,23,47,4,4959.67,19838.68
151,2020-02-09,25,5,2,130.6,261.2
158,2020-02-09,91,13,1,103.78,103.78
84,2020-02-10,38,34,1,1339.0,1339.0
101,2020-02-11,25,39,3,32.15,96.45
349,2020-02-11,38,18,3,1105.88,3317.64
289,2020-02-12,48,23,6,239.61,1437.66
803,2020-02-12,35,40,127,126.83,16107.41
659,2020-02-14,61,19,6,118.75,712.5
572,2020-02-18,46,49,17,4774.29,81162.93
459,2020-02-18,21,10,14,311.94,4367.16
703,2020-02-18,54,10,19,311.94,5926.86
996,2020-02-19,88,10,41,311.94,12789.54
310,2020-02-19,24,19,4,118.75,475.0
143,2020-02-23,47,23,1,239.61,239.61
849,2020-02-23,50,35,4,92.63,370.52
335,2020-02-24,16,12,1,3685.0,3685.0
77,2020-02-28,87,32,26,4455.41,115840.66
924,2020-02-28,55,4,4,2276.61,9106.44
880,2020-03-01,63,24,34,498.12,16936.08
868,2020-03-03,22,11,9,109.1,981.9
46,2020-03-03,22,26,2,3035.23,6070.46
619,2020-03-08,69,37,9,339.6,3056.4
906,2020-03-11,13,5,35,130.6,4571.0
200,2020-03-12,21,18,39,1105.88,43129.32
887,2020-03-16,87,16,12,122.3,1467.6
564,2020-03-16,45,3,6,872.78,5236.68
952,2020-03-17,18,2,8,2034.13,16273.04
453,2020-03-18,75,39,18,32.15,578.7
165,2020-03-22,100,2,7,2034.13,14238.91
639,2020-03-22,92,47,13,4959.67,64475.71
394,2020-03-27,43,1,3,590.01,1770.03
393,2020-03-27,8,13,17,103.78,1764.26
299,2020-03-30,89,30,20,110.7,2214.0
356,2020-04-04,14,1,6,590.01,3540.06
65,2020-04-05,88,14,41,802.52,32903.32
830,2020-04-07,89,35,25,92.63,2315.75
839,2020-04-09,59,2,4,2034.13,8136.52
237,2020-04-09,94,23,2,239.61,479.22
627,2020-04-13,86,24,3,498.12,1494.36
710,2020-04-13,92,12,36,3685.0,132660.0
385,2020-04-14,64,17,8,1029.87,8238.96
763,2020-04-14,5,1,1,590.01,590.01
618,2020-04-18,96,48,6,127.6,765.6
663,2020-04-20,31,34,48,1339.0,64272.0
772,2020-04-21,46,28,36,182.33,6563.88
449,2020-04-22,55,33,2,4562.71,9125.42
959,2020-04-23,49,32,4,4455.41,17821.64
343,2020-04-23,66,41,5,1275.67,6378.35
641,2020-04-25,45,17,1,1029.87,1029.87
332,2020-04-25,8,22,45,373.12,16790.4
819,2020-04-27,59,33,2,4562.71,9125.42
253,2020-04-28,35,6,108,4655.31,502773.48
709,2020-04-28,28,16,1,122.3,122.3
873,2020-04-30,1,38,6,694.63,4167.78
221,2020-05-01,19,46,4,579.08,2316.32
371,2020-05-03,38,39,2,32.15,64.3
34,2020-05-06,92,31,18,493.24,8878.32
83,2020-05-07,85,42,4,101.05,404.2
262,2020-05-08,8,29,41,454.83,18648.03
427,2020-05-08,5,3,1,872.78,872.78
756,2020-05-08,32,25,7,2525.84,17680.88
102,2020-05-10,44,30,151,110.7,16715.7
514,2020-05-10,97,4,9,2276.61,20489.49
119,2020-05-10,37,43,8,388.58,3108.64
351,2020-05-13,67,16,7,122.3,856.1
113,2020-05-16,48,8,2,65.26,130.52
626,2020-05-18,100,17,3,1029.87,3089.61
211,2020-05-22,98,42,7,101.05,707.35
532,2020-05-22,63,21,44,356.31,15677.64
280,2020-05-22,21,19,38,118.75,4512.5
312,2020-05-25,19,36,1,77.86,77.86
70,2020-05-26,19,36,2,77.86,155.72
643,2020-05-26,63,38,12,694.63,8335.56
834,2020-05-27,19,20,3,1415.45,4246.35
396,2020-05-27,21,40,40,126.83,5073.2
367,2020-05-28,73,28,3,182.33,546.99
373,2020-06-03,92,22,23,373.12,8581.76
250,2020-06-04,79,6,4,4655.31,18621.24
528,2020-06-04,47,39,6,32.15,192.9
444,2020-06-07,60,19,1,118.75,118.75
59,2020-06-10,97,23,7,239.61,1677.27
661,2020-06-10,16,38,2,694.63,1389.26
466,2020-06-11,55,28,8,182.33,1458.64
628,2020-06-13,85,8,5,65.26,326.3
958,2020-06-14,31,14,33,802.52,26483.16
202,2020-06-14,32,11,9,109.1,981.9
616,2020-06-18,35,23,183,239.61,43848.63
752,2020-06-18,66,8,6,65.26,391.56
1,2020-06-20,2,13,179,103.78,18576.62
379,2020-06-21,32,36,1,77.86,77.86
559,2020-06-22,47,15,9,207.53,1867.77
800,2020-06-23,55,1,1,590.01,590.01
711,2020-06-23,94,41,2,1275.67,2551.34
848,2020-06-24,38,17,2,1029.87,2059.74
684,2020-06-25,70,48,105,127.6,13398.0
669,2020-07-01,23,32,4,4455.41,17821.64
775,2020-07-07,36,34,38,1339.0,50882.0
970,2020-07-07,18,27,7,91.96,643.72
522,2020-07-08,33,21,3,356.31,1068.93
976,2020-07-11,15,40,6,126.83,760.98
565,2020-07-12,88,34,36,1339.0,48204.0
210,2020-07-12,38,39,2,32.15,64.3
601,2020-07-13,28,44,9,122.35,1101.15
719,2020-07-13,29,41,2,1275.67,2551.34
878,2020-07-14,12,27,105,91.96,9655.8
452,2020-07-16,4,20,6,1415.45,8492.7
193,2020-07-17,3,29,33,454.83,15009.39
529,2020-07-19,20,1,8,590.01,4720.08
98,2020-07-19,26,2,18,2034.13,36614.34
856,2020-07-21,61,50,3,301.71,905.13
468,2020-07-23,70,44,122,122.35,14926.7
960,2020-07-25,58,35,3,92.63,277.89
217,2020-07-26,4,6,6,4655.31,27931.86
175,2020-07-28,50,14,4,802.52,3210.08
695,2020-07-28,13,36,40,77.86,3114.4
990,2020-07-30,37,42,1,101.05,101.05
823,2020-08-02,19,29,8,454.83,3638.64
24,2020-08-03,52,15,38,207.53,7886.14
257,2020-08-04,50,29,9,454.83,4093.47
686,2020-08-05,29,33,9,4562.71,41064.39
826,2020-08-05,62,29,1,454.83,454.83
549,2020-08-09,41,4,4,2276.61,9106.44
138,2020-08-13,25,7,4,1355.95,5423.8
240,2020-08-18,89,20,11,1415.45,15569.95
561,2020-08-19,21,38,29,694.63,20144.27
688,2020-08-22,13,37,42,339.6,14263.2
337,2020-08-24,23,28,3,182.33,546.99
357,2020-08-25,52,3,44,872.78,38402.32
418,2020-08-25,7,23,6,239.61,1437.66
941,2020-08-26,67,38,3,694.63,2083.89
378,2020-08-29,85,18,5,1105.88,5529.4
313,2020-08-29,69,47,1,4959.67,4959.67
488,2020-08-30,63,49,41,4774.29,195745.89
376,2020-09-02,79,21,7,356.31,2494.17
513,2020-09-03,27,5,9,130.6,1175.4
897,2020-09-03,47,19,6,118.75,712.5
470,2020-09-06,57,21,4,356.31,1425.24
595,2020-09-14,81,41,21,1275.67,26789.07
243,2020-09-17,65,40,8,126.83,1014.64
886,2020-09-17,42,23,1,239.61,239.61
614,2020-09-18,59,15,5,207.53,1037.65
319,2020-09-19,85,18,3,1105.88,3317.64
368,2020-09-19,80,16,1,122.3,122.3
841,2020-09-22,53,15,108,207.53,22413.24
727,2020-09-23,77,8,49,65.26,3197.74
540,2020-09-26,26,38,32,694.63,22228.16
740,2020-09-28,68,35,35,92.63,3242.05
440,2020-09-29,71,4,38,2276.61,86511.18
525,2020-09-29,69,44,3,122.35,367.05
759,2020-09-30,45,29,4,454.83,1819.32
742,2020-09-30,19,23,7,239.61,1677.27
972,2020-10-03,44,5,136,130.6,17761.6
423,2020-10-04,43,37,1,339.6,339.6
421,2020-10-09,50,31,3,493.24,1479.72
543,2020-10-10,84,45,7,1136.54,7955.78
526,2020-10-15,84,16,2,122.3,244.6
282,2020-10-17,44,38,60,694.63,41677.8
919,2020-10-18,79,28,4,182.33,729.32
234,2020-10-21,42,12,3,3685.0,11055.0
863,2020-10-21,60,28,1,182.33,182.33
13,2020-10-22,72,39,8,32.15,257.2
954,2020-10-25,61,31,3,493.24,1479.72
855,2020-10-25,48,34,8,1339.0,10712.0
244,2020-10-27,23,47,3,4959.67,14879.01
186,2020-10-29,80,37,4,339.6,1358.4
620,2020-10-31,13,34,31,1339.0,41509.0
907,2020-10-31,67,7,1,1355.95,1355.95
223,2020-11-02,44,18,195,1105.88,215646.6
381,2020-11-03,55,26,4,3035.23,12140.92
124,2020-11-06,99,42,2,101.05,202.1
432,2020-11-09,54,12,26,3685.0,95810.0
5,2020-11-13,60,44,2,122.35,244.7
2,2020-11-16,63,37,18,339.6,6112.8
827,2020-11-17,6,5,9,130.6,1175.4
132,2020-11-19,18,37,9,339.6,3056.4
285,2020-11-23,48,2,6,2034.13,12204.78
901,2020-11-25,40,47,1,4959.67,4959.67
105,2020-11-25,57,49,8,4774.29,38194.32
953,2020-11-26,97,38,4,694.63,2778.52
251,2020-11-29,2,9,86,483.15,41550.9
6,2020-11-29,75,9,43,483.15,20775.45
233,2020-11-30,34,36,55,77.86,4282.3
912,2020-12-01,41,44,3,122.35,367.05
442,2020-12-01,58,4,8,2276.61,18212.88
106,2020-12-04,8,31,30,493.24,14797.2
914,2020-12-04,19,2,9,2034.13,18307.17
807,2020-12-04,65,5,6,130.6,783.6
947,2020-12-05,76,33,37,4562.71,168820.27
574,2020-12-06,49,42,6,101.05,606.3
49,2020-12-07,92,40,16,126.83,2029.28
43,2020-12-12,17,43,3,388.58,1165.74
563,2020-12-13,28,4,6,2276.61,13659.66
927,2020-12-13,31,34,24,1339.0,32136.0
324,2020-12-18,36,3,18,872.78,15710.04
460,2020-12-21,70,26,53,3035.23,160867.19
624,2020-12-24,68,1,37,590.01,21830.37
999,2020-12-25,11,46,8,579.08,4632.64
403,2020-12-25,25,9,2,483.15,966.3
899,2020-12-28,9,47,42,4959.67,208306.14
161,2020-12-28,45,25,5,2525.84,12629.2
613,2020-12-28,64,27,3,91.96,275.88
955,2020-12-30,91,35,1,92.63,92.63
509,2020-12-31,19,32,9,4455.41,40098.69
397,2020-12-31,100,11,4,109.1,436.4
992,2020-12-31,20,39,5,32.15,160.75
835,2021-01-01,66,30,5,110.7,553.5
402,2021-01-02,92,17,40,1029.87,41194.8
408,2021-01-08,13,32,40,4455.41,178216.4
979,2021-01-09,59,43,8,388.58,3108.64
238,2021-01-09,37,5,6,130.6,783.6
491,2021-01-10,85,15,6,207.53,1245.18
194,2021-01-12,3,20,24,1415.45,33970.8
308,2021-01-12,42,8,8,65.26,522.08
406,2021-01-12,62,50,5,301.71,1508.55
851,2021-01-13,73,27,3,91.96,275.88
575,2021-01-16,9,24,46,498.12,22913.52
490,2021-01-17,68,46,31,579.08,17951.48
260,2021-01-18,45,16,2,122.3,244.6
940,2021-01-18,62,38,9,694.63,6251.67
782,2021-01-18,51,22,96,373.12,35819.52
375,2021-01-20,62,27,5,91.96,459.8
42,2021-01-20,7,18,2,1105.88,2211.76
505,2021-01-21,3,27,49,91.96,4506.04
706,2021-01-21,17,12,6,3685.0,22110.0
860,2021-01-21,74,38,10,694.63,6946.3
594,2021-01-21,16,30,8,110.7,885.6
679,2021-01-24,69,44,9,122.35,1101.15
489,2021-01-25,21,20,35,1415.45,49540.75
948,2021-01-26,1,37,6,339.6,2037.6
386,2021-01-27,41,1,2,590.01,1180.02
722,2021-01-27,5,32,4,4455.41,17821.64
199,2021-01-29,64,13,1,103.78,103.78
73,2021-01-30,20,5,5,130.6,653.0
277,2021-01-31,23,19,1,118.75,118.75
545,2021-02-01,38,36,8,77.86,622.88
398,2021-02-02,83,7,3,1355.95,4067.85
134,2021-02-02,49,24,4,498.12,1992.48
637,2021-02-02,27,11,9,109.1,981.9
116,2021-02-05,59,42,7,101.05,707.35
824,2021-02-07,29,24,2,498.12,996.24
229,2021-02-07,37,4,4,2276.61,9106.44
769,2021-02-08,78,4,7,2276.61,15936.27
347,2021-02-09,43,15,6,207.53,1245.18
291,2021-02-10,80,47,5,4959.67,24798.35
395,2021-02-11,99,24,1,498.12,498.12
218,2021-02-13,3,41,23,1275.67,29340.41
671,2021-02-15,53,24,128,498.12,63759.36
425,2021-02-16,30,39,9,32.15,289.35
888,2021-02-17,57,22,9,373.12,3358.08
844,2021-02-17,25,45,1,1136.54,1136.54
125,2021-02-17,13,13,27,103.78,2802.06
596,2021-02-22,65,45,5,1136.54,5682.7
316,2021-02-22,92,7,41,1355.95,55593.95
481,2021-02-26,86,49,1,4774.29,4774.29
811,2021-03-03,23,2,8,2034.13,16273.04
212,2021-03-03,49,40,3,126.83,380.49
682,2021-03-03,68,36,27,77.86,2102.22
915,2021-03-04,15,3,5,872.78,4363.9
52,2021-03-04,93,30,25,110.7,2767.5
552,2021-03-07,30,12,3,3685.0,11055.0
448,2021-03-07,45,36,7,77.86,545.02
133,2021-03-07,65,46,9,579.08,5211.72
777,2021-03-08,87,23,14,239.61,3354.54
723,2021-03-09,75,15,41,207.53,8508.73
917,2021-03-10,48,2,8,2034.13,16273.04
792,2021-03-11,25,21,5,356.31,1781.55
531,2021-03-17,25,47,6,4959.67,29758.02
62,2021-03-18,72,47,5,4959.67,24798.35
644,2021-03-18,69,13,7,103.78,726.46
741,2021-03-21,76,11,46,109.1,5018.6
494,2021-03-22,66,25,8,2525.84,20206.72
662,2021-03-25,90,13,8,103.78,830.24
67,2021-03-27,37,21,7,356.31,2494.17
333,2021-03-28,77,29,40,454.83,18193.2
154,2021-03-29,37,48,5,127.6,638.0
374,2021-03-30,86,5,7,130.6,914.2
581,2021-03-31,61,45,1,1136.54,1136.54
179,2021-04-03,58,23,2,239.61,479.22
534,2021-04-04,17,39,9,32.15,289.35
404,2021-04-07,50,3,1,872.78,872.78
815,2021-04-08,72,33,1,4562.71,4562.71
546,2021-04-09,30,9,1,483.15,483.15
429,2021-04-17,10,21,48,356.31,17102.88
632,2021-04-20,5,17,8,1029.87,8238.96
747,2021-04-22,96,36,1,77.86,77.86
20,2021-04-22,27,36,6,77.86,467.16
557,2021-04-24,65,8,7,65.26,456.82
359,2021-04-26,8,21,43,356.31,15321.33
314,2021-04-27,98,33,7,4562.71,31938.97
715,2021-04-28,77,7,45,1355.95,61017.75
172,2021-04-28,68,27,26,91.96,2390.96
587,2021-04-29,19,47,8,4959.67,39677.36
501,2021-04-29,85,8,7,65.26,456.82
506,2021-04-30,33,28,1,182.33,182.33
411,2021-05-02,59,14,9,802.52,7222.68
731,2021-05-03,46,50,35,301.71,10559.85
110,2021-05-03,26,47,41,4959.67,203346.47
729,2021-05-05,65,49,4,4774.29,19097.16
190,2021-05-06,80,27,8,91.96,735.68
994,2021-05-08,11,34,2,1339.0,2678.0
890,2021-05-09,23,45,1,1136.54,1136.54
121,2021-05-11,4,29,6,454.83,2728.98
290,2021-05-12,43,45,5,1136.54,5682.7
638,2021-05-13,81,14,36,802.52,28890.72
431,2021-05-14,36,22,35,373.12,13059.2
455,2021-05-14,61,10,2,311.94,623.88
198,2021-05-15,2,24,121,498.12,60272.52
55,2021-05-16,92,49,39,4774.29,186197.31
787,2021-05-18,22,21,6,356.31,2137.86
562,2021-05-19,29,4,7,2276.61,15936.27
142,2021-05-20,3,6,14,4655.31,65174.34
957,2021-05-22,48,35,6,92.63,555.78
500,2021-05-22,92,41,45,1275.67,57405.15
938,2021-05-28,50,12,3,3685.0,11055.0
71,2021-05-28,1,47,5,4959.67,24798.35
813,2021-06-02,78,3,2,872.78,1745.56
583,2021-06-03,25,27,7,91.96,643.72
307,2021-06-04,15,10,8,311.94,2495.52
689,2021-06-06,17,4,9,2276.61,20489.49
173,2021-06-07,22,17,6,1029.87,6179.22
441,2021-06-09,3,24,46,498.12,22913.52
936,2021-06-11,8,40,49,126.83,6214.67
909,2021-06-12,43,25,3,2525.84,7577.52
922,2021-06-15,64,29,3,454.83,1364.49
690,2021-06-16,84,19,3,118.75,356.25
918,2021-06-17,6,12,9,3685.0,33165.0
776,2021-06-19,4,3,2,872.78,1745.56
962,2021-06-20,68,29,28,454.83,12735.24
785,2021-06-20,27,14,9,802.52,7222.68
724,2021-06-23,22,41,1,1275.67,1275.67
399,2021-06-23,51,43,54,388.58,20983.32
701,2021-06-23,54,1,45,590.01,26550.45
615,2021-06-25,42,37,5,339.6,1698.0
382,2021-06-29,52,48,27,127.6,3445.2
523,2021-06-29,41,47,2,4959.67,9919.34
654,2021-06-30,66,40,7,126.83,887.81
864,2021-07-02,9,18,30,1105.88,33176.4
29,2021-07-03,6,8,7,65.26,456.82
79,2021-07-05,66,45,9,1136.54,10228.86
573,2021-07-08,20,33,7,4562.71,31938.97
612,2021-07-10,4,26,6,3035.23,18211.38
704,2021-07-11,13,37,47,339.6,15961.2
606,2021-07-12,20,19,2,118.75,237.5
821,2021-07-12,39,4,42,2276.61,95617.62
305,2021-07-12,13,22,30,373.12,11193.6
904,2021-07-13,49,29,7,454.83,3183.81
457,2021-07-16,19,42,3,101.05,303.15
997,2021-07-17,15,37,4,339.6,1358.4
387,2021-07-25,48,29,1,454.83,454.83
568,2021-07-26,12,6,76,4655.31,353803.56
272,2021-07-28,73,33,9,4562.71,41064.39
41,2021-07-28,25,26,6,3035.23,18211.38
681,2021-07-30,19,9,2,483.15,966.3
353,2021-07-31,91,2,3,2034.13,6102.39
63,2021-08-01,51,33,141,4562.71,643342.11
18,2021-08-01,7,8,4,65.26,261.04
392,2021-08-03,32,44,1,122.35,122.35
998,2021-08-06,40,44,8,122.35,978.8
831,2021-08-08,38,22,7,373.12,2611.84
486,2021-08-10,88,47,49,4959.67,243023.83
267,2021-08-10,91,8,9,65.26,587.34
767,2021-08-10,26,19,16,118.75,1900.0
7,2021-08-10,99,35,1,92.63,92.63
274,2021-08-11,31,41,20,1275.67,25513.4
209,2021-08-11,26,22,48,373.12,17909.76
54,2021-08-12,47,50,2,301.71,603.42
480,2021-08-15,24,34,9,1339.0,12051.0
539,2021-08-18,25,40,8,126.83,1014.64
22,2021-08-20,66,10,5,311.94,1559.7
12,2021-08-23,42,25,2,2525.84,5051.68
454,2021-08-24,16,5,9,130.6,1175.4
538,2021-09-03,72,35,3,92.63,277.89
753,2021-09-04,27,29,3,454.83,1364.49
331,2021-09-05,81,35,43,92.63,3983.09
745,2021-09-10,43,16,2,122.3,244.6
323,2021-09-12,36,40,46,126.83,5834.18
95,2021-09-14,24,22,5,373.12,1865.6
716,2021-09-14,51,9,124,483.15,59910.6
986,2021-09-19,55,16,7,122.3,856.1
771,2021-09-19,93,8,28,65.26,1827.28
492,2021-09-19,92,14,36,802.52,28890.72
286,2021-09-20,93,26,34,3035.23,103197.82
245,2021-09-21,14,16,9,122.3,1100.7
913,2021-09-21,71,14,38,802.52,30495.76
687,2021-09-23,55,10,7,311.94,2183.58
213,2021-09-26,6,9,6,483.15,2898.9
461,2021-09-29,39,50,44,301.71,13275.24
894,2021-09-29,32,42,3,101.05,303.15
859,2021-09-30,19,36,8,77.86,622.88
905,2021-10-01,88,26,26,3035.23,78915.98
462,2021-10-02,24,36,6,77.86,467.16
981,2021-10-04,28,26,2,3035.23,6070.46
892,2021-10-07,18,30,6,110.7,664.2
536,2021-10-07,91,23,2,239.61,479.22
325,2021-10-09,97,6,9,4655.31,41897.79
653,2021-10-09,5,9,1,483.15,483.15
317,2021-10-11,73,14,9,802.52,7222.68
965,2021-10-12,98,28,5,182.33,911.65
407,2021-10-13,91,40,2,126.83,253.66
589,2021-10-16,41,39,2,32.15,64.3
629,2021-10-18,36,19,36,118.75,4275.0
560,2021-10-20,26,29,31,454.83,14099.73
809,2021-10-20,76,16,19,122.3,2323.7
670,2021-10-21,32,50,2,301.71,603.42
984,2021-10-21,8,29,49,454.83,22286.67
788,2021-10-22,72,49,7,4774.29,33420.03
39,2021-10-22,47,9,5,483.15,2415.75
315,2021-10-22,81,22,46,373.12,17163.52
554,2021-10-22,69,48,4,127.6,510.4
224,2021-10-23,37,32,8,4455.41,35643.28
842,2021-10-23,51,48,198,127.6,25264.8
419,2021-10-23,89,22,37,373.12,13805.44
541,2021-10-23,48,19,3,118.75,356.25
16,2021-10-26,17,33,7,4562.71,31938.97
713,2021-10-26,33,7,4,1355.95,5423.8
81,2021-10-27,58,29,2,454.83,909.66
911,2021-10-29,73,1,9,590.01,5310.09
896,2021-11-04,73,42,7,101.05,707.35
604,2021-11-09,34,28,56,182.33,10210.48
780,2021-11-10,7,39,6,32.15,192.9
866,2021-11-10,36,50,46,301.71,13878.66
646,2021-11-13,67,10,5,311.94,1559.7
963,2021-11-13,66,10,9,311.94,2807.46
222,2021-11-15,8,29,41,454.83,18648.03
508,2021-11-18,4,30,6,110.7,664.2
145,2021-11-20,82,17,33,1029.87,33985.71
365,2021-11-20,31,15,18,207.53,3735.54
471,2021-11-20,33,27,7,91.96,643.72
685,2021-11-21,37,17,7,1029.87,7209.09
862,2021-11-21,81,9,15,483.15,7247.25
760,2021-11-23,91,18,4,1105.88,4423.52
256,2021-11-23,88,43,43,388.58,16708.94
971,2021-11-24,82,23,20,239.61,4792.2
648,2021-11-26,30,30,3,110.7,332.1
424,2021-11-26,3,19,32,118.75,3800.0
157,2021-11-28,67,40,2,126.83,253.66
435,2021-11-28,4,47,4,4959.67,19838.68
779,2021-11-30,54,6,46,4655.31,214144.26
163,2021-11-30,7,5,9,130.6,1175.4
168,2021-11-30,64,24,3,498.12,1494.36
516,2021-12-01,92,29,18,454.83,8186.94
805,2021-12-01,4,24,3,498.12,1494.36
174,2021-12-05,22,26,8,3035.23,24281.84
774,2021-12-07,24,27,8,91.96,735.68
108,2021-12-10,72,25,2,2525.84,5051.68
99,2021-12-13,40,17,1,1029.87,1029.87
207,2021-12-14,40,32,2,4455.41,8910.82
736,2021-12-14,46,13,40,103.78,4151.2
875,2021-12-14,92,21,16,356.31,5700.96
293,2021-12-15,51,15,117,207.53,24281.01
645,2021-12-20,96,22,6,373.12,2238.72
309,2021-12-20,49,26,5,3035.23,15176.15
10,2021-12-25,37,5,3,130.6,391.8
279,2021-12-25,15,1,7,590.01,4130.07
519,2021-12-25,88,34,31,1339.0,41509.0
390,2021-12-26,72,49,1,4774.29,4774.29
306,2021-12-26,92,9,35,483.15,16910.25
87,2021-12-31,40,34,9,1339.0,12051.0
665,2022-01-02,53,39,114,32.15,3665.1
765,2022-01-02,68,5,20,130.6,2612.0
342,2022-01-07,14,36,1,77.86,77.86
708,2022-01-09,60,26,6,3035.23,18211.38
94,2022-01-13,99,34,7,1339.0,9373.0
383,2022-01-13,99,41,4,1275.67,5102.68
879,2022-01-15,23,25,5,2525.84,12629.2
72,2022-01-15,2,3,168,872.78,146627.04
261,2022-01-15,8,50,30,301.71,9051.3
128,2022-01-17,57,16,8,122.3,978.4
296,2022-01-20,28,35,8,92.63,741.04
749,2022-01-23,86,29,6,454.83,2728.98
27,2022-01-24,36,36,35,77.86,2725.1
893,2022-01-27,33,30,1,110.7,110.7
176,2022-02-01,99,12,7,3685.0,25795.0
443,2022-02-04,24,34,2,1339.0,2678.0
790,2022-02-05,9,17,20,1029.87,20597.4
344,2022-02-08,91,9,1,483.15,483.15
420,2022-02-08,29,21,4,356.31,1425.24
865,2022-02-08,61,43,6,388.58,2331.48
139,2022-02-10,59,8,4,65.26,261.04
400,2022-02-11,94,32,8,4455.41,35643.28
69,2022-02-13,33,23,5,239.61,1198.05
699,2022-02-14,7,36,2,77.86,155.72
717,2022-02-14,97,23,9,239.61,2156.49
673,2022-02-14,82,12,40,3685.0,147400.0
328,2022-02-14,72,50,3,301.71,905.13
111,2022-02-16,16,7,1,1355.95,1355.95
364,2022-02-16,89,2,20,2034.13,40682.6
553,2022-02-17,64,46,2,579.08,1158.16
499,2022-02-17,12,10,57,311.94,17780.58
967,2022-02-18,50,4,6,2276.61,13659.66
147,2022-02-19,89,9,13,483.15,6280.95
3,2022-02-23,9,11,24,109.1,2618.4
370,2022-02-23,52,29,45,454.83,20467.35
617,2022-02-24,73,49,4,4774.29,19097.16
294,2022-02-27,13,22,28,373.12,10447.36
412,2022-02-28,30,20,5,1415.45,7077.25
189,2022-03-02,12,18,64,1105.88,70776.32
355,2022-03-03,54,33,45,4562.71,205321.95
92,2022-03-04,29,21,8,356.31,2850.48
14,2022-03-10,51,38,146,694.63,101415.98
58,2022-03-10,10,10,28,311.94,8734.32
203,2022-03-11,41,8,6,65.26,391.56
836,2022-03-12,22,3,6,872.78,5236.68
956,2022-03-13,75,21,20,356.31,7126.2
877,2022-03-13,68,5,10,130.6,1306.0
935,2022-03-14,86,42,6,101.05,606.3
82,2022-03-15,75,6,27,4655.31,125693.37
982,2022-03-15,49,38,2,694.63,1389.26
463,2022-03-19,54,46,40,579.08,23163.2
268,2022-03-24,68,33,10,4562.71,45627.1
510,2022-03-24,16,1,7,590.01,4130.07
37,2022-03-24,21,26,45,3035.23,136585.35
127,2022-03-24,29,49,5,4774.29,23871.45
30,2022-03-25,90,46,8,579.08,4632.64
846,2022-03-27,9,36,28,77.86,2180.08
576,2022-03-27,41,17,8,1029.87,8238.96
91,2022-03-29,53,36,164,77.86,12769.04
577,2022-03-29,59,39,7,32.15,225.05
88,2022-03-31,71,10,26,311.94,8110.44
621,2022-03-31,87,3,43,872.78,37529.54
17,2022-03-31,51,39,183,32.15,5883.45
438,2022-04-01,21,10,47,311.94,14661.18
766,2022-04-03,51,21,148,356.31,52733.88
141,2022-04-04,90,41,1,1275.67,1275.67
920,2022-04-04,49,45,2,1136.54,2273.08
804,2022-04-05,33,14,2,802.52,1605.04
114,2022-04-06,87,29,27,454.83,12280.41
32,2022-04-07,43,12,4,3685.0,14740.0
950,2022-04-07,46,50,15,301.71,4525.65
884,2022-04-08,9,6,44,4655.31,204833.64
825,2022-04-10,74,41,17,1275.67,21686.39
450,2022-04-10,92,47,20,4959.67,99193.4
610,2022-04-12,31,4,14,2276.61,31872.54
61,2022-04-12,57,3,8,872.78,6982.24
975,2022-04-12,64,7,4,1355.95,5423.8
921,2022-04-13,77,45,24,1136.54,27276.96
345,2022-04-14,52,23,35,239.61,8386.35
773,2022-04-15,15,35,5,92.63,463.15
254,2022-04-16,33,49,3,4774.29,14322.87
241,2022-04-17,17,25,9,2525.84,22732.56
483,2022-04-21,85,5,2,130.6,261.2
925,2022-04-22,95,43,41,388.58,15931.78
783,2022-04-23,38,36,9,77.86,700.74
26,2022-04-23,45,2,3,2034.13,6102.39
535,2022-04-24,79,18,3,1105.88,3317.64
883,2022-04-27,97,49,5,4774.29,23871.45
185,2022-04-28,56,28,70,182.33,12763.1
585,2022-04-29,18,2,4,2034.13,8136.52
478,2022-05-02,12,41,166,1275.67,211761.22
530,2022-05-04,63,3,13,872.78,11346.14
939,2022-05-07,23,18,1,1105.88,1105.88
228,2022-05-11,85,31,8,493.24,3945.92
739,2022-05-12,28,44,6,122.35,734.1
778,2022-05-12,53,41,106,1275.67,135221.02
802,2022-05-13,68,18,28,1105.88,30964.64
635,2022-05-13,70,36,151,77.86,11756.86
23,2022-05-14,38,13,4,103.78,415.12
103,2022-05-15,12,19,150,118.75,17812.5
570,2022-05-16,40,14,3,802.52,2407.56
283,2022-05-16,72,46,2,579.08,1158.16
705,2022-05-17,14,10,3,311.94,935.82
743,2022-05-19,82,26,15,3035.23,45528.45
9,2022-05-22,14,30,3,110.7,332.1
225,2022-05-22,59,3,3,872.78,2618.34
675,2022-05-22,76,49,24,4774.29,114582.96
770,2022-05-23,84,15,2,207.53,415.06
870,2022-05-24,54,24,13,498.12,6475.56
983,2022-05-25,40,43,6,388.58,2331.48
178,2022-05-28,79,32,3,4455.41,13366.23
608,2022-05-30,38,5,8,130.6,1044.8
642,2022-05-30,97,32,8,4455.41,35643.28
845,2022-05-30,45,4,7,2276.61,15936.27
634,2022-06-01,19,26,4,3035.23,12140.92
707,2022-06-02,24,29,9,454.83,4093.47
946,2022-06-05,70,24,133,498.12,66249.96
414,2022-06-06,21,35,41,92.63,3797.83
537,2022-06-06,46,38,23,694.63,15976.49
843,2022-06-09,22,36,2,77.86,155.72
479,2022-06-13,71,22,42,373.12,15671.04
696,2022-06-16,16,9,9,483.15,4348.35
542,2022-06-17,42,19,9,118.75,1068.75
358,2022-06-20,25,13,5,103.78,518.9
806,2022-06-20,97,49,8,4774.29,38194.32
640,2022-06-21,35,48,122,127.6,15567.2
944,2022-06-21,22,10,7,311.94,2183.58
664,2022-06-22,87,14,36,802.52,28890.72
502,2022-06-23,47,15,8,207.53,1660.24
467,2022-06-24,80,16,6,122.3,733.8
579,2022-06-25,77,46,10,579.08,5790.8
220,2022-06-27,25,45,3,1136.54,3409.62
658,2022-06-28,60,13,2,103.78,207.56
236,2022-06-29,97,35,8,92.63,741.04
683,2022-06-29,51,13,132,103.78,13698.96
666,2022-07-01,30,13,5,103.78,518.9
122,2022-07-09,13,18,42,1105.88,46446.96
89,2022-07-10,85,28,2,182.33,364.66
430,2022-07-11,66,41,9,1275.67,11481.03
933,2022-07-13,58,17,7,1029.87,7209.09
611,2022-07-14,88,3,20,872.78,17455.6
746,2022-07-18,8,13,17,103.78,1764.26
609,2022-07-18,48,12,6,3685.0,22110.0
515,2022-07-18,26,5,44,130.6,5746.4
903,2022-07-18,93,48,22,127.6,2807.2
74,2022-07-22,94,9,2,483.15,966.3
410,2022-07-24,18,9,9,483.15,4348.35
789,2022-07-26,74,32,43,4455.41,191582.63
136,2022-07-27,70,39,112,32.15,3600.8
623,2022-07-30,21,44,20,122.35,2447.0
439,2022-07-30,4,45,4,1136.54,4546.16
916,2022-07-30,30,40,2,126.83,253.66
284,2022-07-30,9,3,30,872.78,26183.4
977,2022-07-31,81,29,23,454.83,10461.09
988,2022-08-01,27,23,8,239.61,1916.88
68,2022-08-01,82,7,19,1355.95,25763.05
902,2022-08-03,98,13,6,103.78,622.68
733,2022-08-03,38,27,2,91.96,183.92
56,2022-08-04,63,4,10,2276.61,22766.1
231,2022-08-04,96,41,4,1275.67,5102.68
352,2022-08-05,14,9,5,483.15,2415.75
566,2022-08-08,1,8,7,65.26,456.82
51,2022-08-09,83,32,1,4455.41,4455.41
303,2022-08-09,36,20,13,1415.45,18400.85
149,2022-08-09,67,28,9,182.33,1640.97
327,2022-08-13,5,44,5,122.35,611.75
391,2022-08-13,87,24,28,498.12,13947.36
230,2022-08-13,24,50,1,301.71,301.71
900,2022-08-15,97,19,3,118.75,356.25
31,2022-08-15,82,25,42,2525.84,106085.28
590,2022-08-16,29,41,2,1275.67,2551.34
302,2022-08-16,56,49,91,4774.29,434460.39
761,2022-08-18,1,26,4,3035.23,12140.92
801,2022-08-20,90,15,4,207.53,830.12
876,2022-08-20,47,20,3,1415.45,4246.35
360,2022-08-21,25,15,4,207.53,830.12
482,2022-08-23,70,34,114,1339.0,152646.0
219,2022-08-28,82,12,32,3685.0,117920.0
247,2022-08-29,1,20,9,1415.45,12739.05
155,2022-08-30,81,50,49,301.71,14783.79
456,2022-08-30,94,45,6,1136.54,6819.24
895,2022-08-31,10,47,45,4959.67,223185.15
288,2022-09-01,44,36,64,77.86,4983.04
945,2022-09-01,79,4,7,2276.61,15936.27
987,2022-09-02,45,47,8,4959.67,39677.36
757,2022-09-06,20,30,3,110.7,332.1
112,2022-09-07,86,7,5,1355.95,6779.75
366,2022-09-09,83,9,3,483.15,1449.45
477,2022-09-10,49,19,3,118.75,356.25
152,2022-09-10,79,38,8,694.63,5557.04
464,2022-09-11,36,21,39,356.31,13896.09
120,2022-09-12,55,23,7,239.61,1677.27
985,2022-09-12,30,17,4,1029.87,4119.48
521,2022-09-12,21,28,35,182.33,6381.55
550,2022-09-14,8,2,31,2034.13,63058.03
871,2022-09-14,79,1,7,590.01,4130.07
171,2022-09-15,22,4,4,2276.61,9106.44
362,2022-09-15,60,6,2,4655.31,9310.62
586,2022-09-16,33,36,2,77.86,155.72
934,2022-09-17,3,21,35,356.31,12470.85
676,2022-09-17,93,26,27,3035.23,81951.21
118,2022-09-21,60,45,2,1136.54,2273.08
380,2022-09-21,60,11,5,109.1,545.5
326,2022-09-25,68,13,11,103.78,1141.58
321,2022-09-25,24,46,3,579.08,1737.24
808,2022-09-26,13,48,44,127.6,5614.4
239,2022-10-01,41,47,8,4959.67,39677.36
584,2022-10-01,47,23,1,239.61,239.61
64,2022-10-03,8,34,44,1339.0,58916.0
796,2022-10-03,23,39,9,32.15,289.35
33,2022-10-04,68,5,46,130.6,6007.6
169,2022-10-04,70,19,123,118.75,14606.25
496,2022-10-08,99,6,7,4655.31,32587.17
511,2022-10-09,21,30,22,110.7,2435.4
555,2022-10-09,73,9,4,483.15,1932.6
35,2022-10-10,51,29,89,454.83,40479.87
329,2022-10-10,44,3,135,872.78,117825.3
434,2022-10-11,70,19,150,118.75,17812.5
861,2022-10-11,91,46,8,579.08,4632.64
814,2022-10-11,83,18,4,1105.88,4423.52
507,2022-10-11,8,37,41,339.6,13923.6
197,2022-10-13,60,22,6,373.12,2238.72
90,2022-10-16,54,43,10,388.58,3885.8
451,2022-10-16,45,33,1,4562.71,4562.71
700,2022-10-23,28,6,5,4655.31,23276.55
872,2022-10-23,78,38,2,694.63,1389.26
388,2022-10-30,58,40,5,126.83,634.15
816,2022-11-01,53,11,182,109.1,19856.2
969,2022-11-03,75,32,20,4455.41,89108.2
433,2022-11-03,34,20,124,1415.45,175515.8
19,2022-11-04,29,33,4,4562.71,18250.84
252,2022-11-09,26,29,10,454.83,4548.3
436,2022-11-09,10,24,44,498.12,21917.28
633,2022-11-09,41,46,6,579.08,3474.48
812,2022-11-11,57,37,8,339.6,2716.8
672,2022-11-11,30,4,7,2276.61,15936.27
184,2022-11-11,75,27,12,91.96,1103.52
15,2022-11-12,63,15,42,207.53,8716.26
726,2022-11-14,10,45,28,1136.54,31823.12
164,2022-11-20,23,42,5,101.05,505.25
556,2022-11-24,81,34,33,1339.0,44187.0
258,2022-11-28,95,47,32,4959.67,158709.44
885,2022-11-28,22,41,6,1275.67,7654.02
301,2022-11-28,13,31,16,493.24,7891.84
578,2022-11-30,39,13,20,103.78,2075.6
750,2022-12-03,9,37,19,339.6,6452.4
104,2022-12-03,59,49,1,4774.29,4774.29
718,2022-12-04,86,4,8,2276.61,18212.88
205,2022-12-05,32,15,6,207.53,1245.18
854,2022-12-06,63,33,14,4562.71,63877.94
928,2022-12-07,25,36,8,77.86,622.88
47,2022-12-08,71,17,29,1029.87,29866.23
270,2022-12-12,48,5,9,130.6,1175.4
75,2022-12-12,44,35,135,92.63,12505.05
363,2022-12-19,23,19,3,118.75,356.25
311,2022-12-19,39,10,34,311.94,10605.96
191,2022-12-19,46,25,26,2525.84,65671.84
372,2022-12-22,63,35,16,92.63,1482.08
544,2022-12-22,73,19,4,118.75,475.0
602,2022-12-22,23,40,9,126.83,1141.47
651,2022-12-24,36,25,46,2525.84,116188.64
840,2022-12-24,83,26,9,3035.23,27317.07
527,2022-12-25,99,40,8,126.83,1014.64
660,2022-12-25,40,17,7,1029.87,7209.09
728,2022-12-27,95,28,20,182.33,3646.6
472,2022-12-29,15,18,8,1105.88,8847.04
949,2022-12-29,21,32,44,4455.41,196038.04
995,2022-12-30,58,34,4,1339.0,5356.0
214,2023-01-01,95,32,21,4455.41,93563.61
657,2023-01-03,99,8,3,65.26,195.78
794,2023-01-09,88,2,49,2034.13,99672.37
107,2023-01-09,87,37,25,339.6,8490.0
828,2023-01-10,90,20,9,1415.45,12739.05
588,2023-01-12,97,12,3,3685.0,11055.0
593,2023-01-12,70,27,166,91.96,15265.36
340,2023-01-12,70,22,81,373.12,30222.72
781,2023-01-13,61,20,3,1415.45,4246.35
206,2023-01-14,92,20,42,1415.45,59448.9
204,2023-01-16,41,17,9,1029.87,9268.83
109,2023-01-17,12,15,108,207.53,22413.24
273,2023-01-17,48,13,9,103.78,934.02
810,2023-01-17,20,31,4,493.24,1972.96
725,2023-01-18,71,42,35,101.05,3536.75
932,2023-01-20,9,28,15,182.33,2734.95
1000,2023-01-21,94,10,7,311.94,2183.58
677,2023-01-24,86,38,1,694.63,694.63
795,2023-01-24,39,6,10,4655.31,46553.1
21,2023-01-25,27,33,4,4562.71,18250.84
818,2023-01-25,5,28,5,182.33,911.65
181,2023-01-27,13,41,48,1275.67,61232.16
144,2023-01-27,20,49,3,4774.29,14322.87
698,2023-01-28,87,45,43,1136.54,48871.22
793,2023-01-30,65,25,3,2525.84,7577.52
730,2023-01-30,88,47,40,4959.67,198386.8
908,2023-01-31,53,1,111,590.01,65491.11
428,2023-02-01,99,32,2,4455.41,8910.82
338,2023-02-01,5,20,8,1415.45,11323.6
599,2023-02-04,18,36,3,77.86,233.58
248,2023-02-04,37,47,5,4959.67,24798.35
446,2023-02-06,76,30,47,110.7,5202.9
968,2023-02-10,42,20,6,1415.45,8492.7
167,2023-02-10,17,40,2,126.83,253.66
78,2023-02-12,81,14,18,802.52,14445.36
447,2023-02-14,31,36,28,77.86,2180.08
630,2023-02-14,98,11,6,109.1,654.6
603,2023-02-15,100,33,8,4562.71,36501.68
980,2023-02-15,20,30,6,110.7,664.2
592,2023-02-15,73,39,3,32.15,96.45
265,2023-02-16,90,43,2,388.58,777.16
66,2023-02-17,46,43,25,388.58,9714.5
292,2023-02-21,15,25,4,2525.84,10103.36
551,2023-02-24,55,16,1,122.3,122.3
426,2023-02-25,8,42,25,101.05,2526.25
183,2023-02-27,47,14,4,802.52,3210.08
330,2023-02-27,87,44,11,122.35,1345.85
520,2023-02-28,76,28,39,182.33,7110.87
476,2023-02-28,87,26,46,3035.23,139620.58
40,2023-03-06,74,26,44,3035.23,133550.12
135,2023-03-09,59,37,5,339.6,1698.0
631,2023-03-09,21,11,48,109.1,5236.8
822,2023-03-10,84,7,7,1355.95,9491.65
798,2023-03-10,70,6,133,4655.31,619156.23
50,2023-03-10,94,23,3,239.61,718.83
297,2023-03-13,36,30,27,110.7,2988.9
485,2023-03-13,51,39,135,32.15,4340.25
266,2023-03-14,26,8,49,65.26,3197.74
269,2023-03-16,31,16,23,122.3,2812.9
195,2023-03-22,94,14,7,802.52,5617.64
85,2023-03-22,76,23,31,239.61,7427.91
437,2023-03-23,37,38,5,694.63,3473.15
751,2023-03-25,42,43,5,388.58,1942.9
680,2023-03-26,28,11,9,109.1,981.9
350,2023-03-27,88,42,39,101.05,3940.95
341,2023-03-30,16,12,6,3685.0,22110.0
512,2023-03-31,4,28,6,182.33,1093.98
188,2023-04-01,64,49,9,4774.29,42968.61
697,2023-04-04,75,22,42,373.12,15671.04
580,2023-04-06,19,12,8,3685.0,29480.0
160,2023-04-06,92,33,22,4562.71,100379.62
162,2023-04-08,100,27,6,91.96,551.76
413,2023-04-10,32,46,1,579.08,579.08
361,2023-04-11,60,12,4,3685.0,14740.0
754,2023-04-11,10,36,18,77.86,1401.48
264,2023-04-13,34,1,104,590.01,61361.04
60,2023-04-16,7,29,8,454.83,3638.64
45,2023-04-18,70,24,78,498.12,38853.36
38,2023-04-20,87,1,49,590.01,28910.49
974,2023-04-20,74,22,28,373.12,10447.36
44,2023-04-20,24,25,7,2525.84,17680.88
966,2023-04-29,59,5,3,130.6,391.8
150,2023-05-03,25,34,9,1339.0,12051.0
605,2023-05-04,37,1,1,590.01,590.01
346,2023-05-04,82,6,44,4655.31,204833.64
929,2023-05-09,58,37,7,339.6,2377.2
473,2023-05-11,20,24,7,498.12,3486.84
548,2023-05-11,53,35,127,92.63,11764.01
647,2023-05-12,66,41,8,1275.67,10205.36
249,2023-05-12,37,49,1,4774.29,4774.29
829,2023-05-12,71,3,19,872.78,16582.82
869,2023-05-13,4,22,7,373.12,2611.84
255,2023-05-14,12,42,69,101.05,6972.45
354,2023-05-14,20,18,9,1105.88,9952.92
910,2023-05-15,29,43,9,388.58,3497.22
227,2023-05-15,97,7,1,1355.95,1355.95
961,2023-05-16,69,21,3,356.31,1068.93
503,2023-05-18,42,20,6,1415.45,8492.7
931,2023-05-19,64,44,7,122.35,856.45
597,2023-05-21,62,49,9,4774.29,42968.61
100,2023-05-25,61,43,8,388.58,3108.64
951,2023-05-25,56,46,153,579.08,88599.24
721,2023-05-26,4,26,8,3035.23,24281.84
322,2023-05-26,42,32,7,4455.41,31187.87
271,2023-05-28,66,50,6,301.71,1810.26
942,2023-05-30,61,1,5,590.01,2950.05
415,2023-05-30,39,49,21,4774.29,100260.09
991,2023-05-31,57,8,5,65.26,326.3
115,2023-05-31,94,39,3,32.15,96.45
166,2023-06-01,13,46,36,579.08,20846.88
720,2023-06-03,28,13,7,103.78,726.46
469,2023-06-05,56,43,133,388.58,51681.14
416,2023-06-10,47,18,5,1105.88,5529.4
170,2023-06-10,96,34,5,1339.0,6695.0
694,2023-06-13,71,41,22,1275.67,28064.74
937,2023-06-14,59,2,1,2034.13,2034.13
235,2023-06-14,18,40,5,126.83,634.15
129,2023-06-16,10,30,34,110.7,3763.8
97,2023-06-21,81,45,43,1136.54,48871.22
755,2023-06-24,27,34,3,1339.0,4017.0
891,2023-06-24,85,2,5,2034.13,10170.65
339,2023-06-25,65,30,5,110.7,553.5
852,2023-06-25,92,17,29,1029.87,29866.23
232,2023-06-27,98,36,2,77.86,155.72
153,2023-06-28,5,48,2,127.6,255.2
702,2023-06-29,99,13,9,103.78,934.02
495,2023-07-01,3,8,42,65.26,2740.92
318,2023-07-01,25,2,3,2034.13,6102.39
989,2023-07-03,73,35,3,92.63,277.89
246,2023-07-04,5,20,8,1415.45,11323.6
744,2023-07-07,29,34,1,1339.0,1339.0
369,2023-07-07,4,39,8,32.15,257.2
656,2023-07-07,30,31,6,493.24,2959.44
25,2023-07-08,29,47,4,4959.67,19838.68
567,2023-07-09,86,25,2,2525.84,5051.68
159,2023-07-09,88,19,25,118.75,2968.75
300,2023-07-10,95,44,19,122.35,2324.65
215,2023-07-11,72,50,4,301.71,1206.84
57,2023-07-11,29,39,3,32.15,96.45
655,2023-07-12,34,46,177,579.08,102497.16
591,2023-07-13,14,18,3,1105.88,3317.64
762,2023-07-13,59,11,9,109.1,981.9
504,2023-07-15,2,7,129,1355.95,174917.55
993,2023-07-15,49,17,3,1029.87,3089.61
182,2023-07-18,29,29,4,454.83,1819.32
117,2023-07-20,14,31,8,493.24,3945.92
196,2023-07-20,84,36,9,77.86,700.74
964,2023-07-23,48,19,7,118.75,831.25
764,2023-07-25,98,45,9,1136.54,10228.86
598,2023-07-26,24,38,5,694.63,3473.15
625,2023-07-27,99,13,2,103.78,207.56
668,2023-07-28,86,31,1,493.24,493.24
837,2023-07-30,10,9,42,483.15,20292.3
28,2023-07-30,69,20,8,1415.45,11323.6
817,2023-07-30,12,17,183,1029.87,188466.21
389,2023-07-31,75,34,17,1339.0,22763.0
889,2023-08-01,37,23,4,239.61,958.44
409,2023-08-04,32,34,1,1339.0,1339.0
674,2023-08-06,82,34,20,1339.0,26780.0
691,2023-08-09,42,17,5,1029.87,5149.35
487,2023-08-10,60,10,3,311.94,935.82
832,2023-08-11,91,29,6,454.83,2728.98
8,2023-08-12,64,22,8,373.12,2984.96
36,2023-08-13,86,11,7,109.1,763.7
582,2023-08-17,90,39,5,32.15,160.75
156,2023-08-17,96,29,3,454.83,1364.49
137,2023-08-18,88,11,22,109.1,2400.2
458,2023-08-18,26,5,38,130.6,4962.8
334,2023-08-19,55,16,9,122.3,1100.7
768,2023-08-19,71,26,49,3035.23,148726.27
693,2023-08-19,18,14,3,802.52,2407.56
692,2023-08-20,28,41,3,1275.67,3827.01
858,2023-08-20,10,18,47,1105.88,51976.36
799,2023-08-24,3,17,21,1029.87,21627.27
192,2023-08-25,8,15,36,207.53,7471.08
140,2023-08-26,74,43,43,388.58,16708.94
881,2023-08-27,46,32,41,4455.41,182671.81
96,2023-08-28,33,36,4,77.86,311.44
475,2023-08-29,37,21,2,356.31,712.62
533,2023-08-29,53,46,191,579.08,110604.28
930,2023-08-30,81,35,46,92.63,4260.98
524,2023-08-30,75,23,31,239.61,7427.91
857,2023-08-30,33,11,2,109.1,218.2
348,2023-09-01,12,47,98,4959.67,486047.66
216,2023-09-03,7,11,4,109.1,436.4
445,2023-09-04,83,22,8,373.12,2984.96
401,2023-09-05,10,38,41,694.63,28479.83
201,2023-09-05,82,46,40,579.08,23163.2
275,2023-09-09,98,38,4,694.63,2778.52
650,2023-09-12,30,7,3,1355.95,4067.85
295,2023-09-19,68,48,36,127.6,4593.6
867,2023-09-20,92,18,43,1105.88,47552.84
874,2023-09-26,29,5,1,130.6,130.6
850,2023-09-26,25,28,4,182.33,729.32
678,2023-09-28,88,50,17,301.71,5129.07
784,2023-09-28,58,50,5,301.71,1508.55
278,2023-09-29,54,7,34,1355.95,46102.3
838,2023-10-07,48,6,9,4655.31,41897.79
148,2023-10-12,98,11,9,109.1,981.9
263,2023-10-13,5,47,6,4959.67,29758.02
758,2023-10-14,91,26,1,3035.23,3035.23
130,2023-10-14,84,5,1,130.6,130.6
80,2023-10-14,73,22,4,373.12,1492.48
48,2023-10-16,49,20,6,1415.45,8492.7
76,2023-10-19,24,17,8,1029.87,8238.96
517,2023-10-27,50,6,3,4655.31,13965.93
320,2023-10-29,39,41,20,1275.67,25513.4
547,2023-10-31,52,25,23,2525.84,58094.32
518,2023-11-01,11,2,9,2034.13,18307.17
943,2023-11-02,13,27,45,91.96,4138.2
11,2023-11-03,78,26,4,3035.23,12140.92
569,2023-11-04,65,29,1,454.83,454.83
493,2023-11-05,40,28,1,182.33,182.33
898,2023-11-06,28,24,8,498.12,3984.96
405,2023-11-06,68,14,34,802.52,27285.68
786,2023-11-06,47,36,7,77.86,545.02
304,2023-11-09,44,45,155,1136.54,176163.7
187,2023-11-11,1,38,2,694.63,1389.26
882,2023-11-13,36,46,48,579.08,27795.84
735,2023-11-14,38,22,2,373.12,746.24
417,2023-11-21,21,8,49,65.26,3197.74
336,2023-11-24,12,8,52,65.26,3393.52
667,2023-11-27,53,19,106,118.75,12587.5
422,2023-12-01,88,44,22,122.35,2691.7
465,2023-12-02,30,22,7,373.12,2611.84
926,2023-12-08,2,49,186,4774.29,888017.94
622,2023-12-10,51,49,134,4774.29,639754.86
126,2023-12-10,96,35,7,92.63,648.41
281,2023-12-11,49,32,1,4455.41,4455.41
636,2023-12-11,62,24,7,498.12,3486.84
797,2023-12-12,41,29,9,454.83,4093.47
4,2023-12-13,94,31,1,493.24,493.24
607,2023-12-13,43,47,1,4959.67,4959.67
847,2023-12-14,73,45,6,1136.54,6819.24
712,2023-12-15,6,7,5,1355.95,6779.75
384,2023-12-16,42,21,1,356.31,356.31
377,2023-12-17,5,1,5,590.01,2950.05
53,2023-12-18,19,18,1,1105.88,1105.88
973,2023-12-19,59,25,9,2525.84,22732.56
474,2023-12-20,26,44,23,122.35,2814.05
748,2023-12-21,39,17,29,1029.87,29866.23
498,2023-12-21,19,5,3,130.6,391.8
259,2023-12-22,38,20,7,1415.45,9908.15
738,2023-12-22,33,17,2,1029.87,2059.74
600,2023-12-23,73,38,2,694.63,1389.26
180,2023-12-24,98,29,4,454.83,1819.32
558,2023-12-25,40,12,6,3685.0,22110.0
571,2023-12-26,84,49,6,4774.29,28645.74
978,2023-12-28,20,50,1,301.71,301.71
497,2023-12-30,23,25,2,2525.84,5051.68
